language,dialect,accent,text
Persian,"Persian, Iranian (Iran)",General,دارم مي روم
Persian,"Persian, Iranian (Iran)",General,خرس آن را بخورد ، می ترکد . ( موهایش می ریزد . )
Persian,"Persian, Iranian (Iran)",General,گشنمه
Persian,"Persian, Iranian (Iran)",General,من چای نمی‌خورم
Persian,"Persian, Iranian (Iran)",General,عالی بود؛ بوسه بر جانت، قربانت بروم
Persian,"Persian, Iranian (Iran)",General,آفتاب از کدام سمت درآمده است؟
Persian,"Persian, Iranian (Iran)",General,او را خدا زده است.
Persian,"Persian, Iranian (Iran)",General,چي درست کردي
Persian,"Persian, Iranian (Iran)",General,دخترها دارند می‌روند
Persian,"Persian, Iranian (Iran)",General,دخترها داشتند می‌رفتند
Persian,"Persian, Iranian (Iran)",General,روانشناسان خاصیت‌های بسیاری را برای گریه‌کردن برشمرده‌اند و گریه کردن را برای رها شدن از فشار استرس و تحمل درد و غم و غصه می‌دانند.
Persian,"Persian, Iranian (Iran)",General,اون مربا خوردن داره
Persian,"Persian, Iranian (Iran)",General,در مدت عمرم همچین غذاهایی نخورده‌ام
Persian,"Persian, Iranian (Iran)",General,اهل و عیال چطور هستند؟
Persian,"Persian, Iranian (Iran)",General,دستتان درد نکند برای پخش این کلیپ درباره گیوه هرسینی
Persian,"Persian, Iranian (Iran)",General,ای داد و بیداد برای میراث پدرانمان که بی پشت و پناه مانده‌اند
Persian,"Persian, Iranian (Iran)",General,بیشترشان را اولین بار است که میبینم
Persian,"Persian, Iranian (Iran)",General,ای جان برای شهرمان
Persian,"Persian, Iranian (Iran)",General,درود فراوان به زنان کورد سراسر دنیا از کرمانشاه گرفته تا کوردستان
Persian,"Persian, Iranian (Iran)",General,هروقت نان درست می‌کرد صدایمان میزد. ما بچه‌ها هم همگی به‌صف کنارش می‌نشستیم و چشم به راه می‌ماندیم تا نان روی ساج برشته می‌شد و به دست‌مان می‌داد.
Persian,"Persian, Iranian (Iran)",General,بردن و آوردن
Persian,"Persian, Iranian (Iran)",General,داد و فریاد
Persian,"Persian, Iranian (Iran)",General,خدا نگهدار
Persian,"Persian, Iranian (Iran)",General,اگر امر حضرت حق نباشد، برگی از درخت نمی‌افتد.
Persian,"Persian, Iranian (Iran)",General,اگر نخوردیم نان گندم، اما دیدم دست مردم
Persian,"Persian, Iranian (Iran)",General,آن چیست تا دست به چشمش فرو نکنی، دهان باز نمی‌کند؟
Persian,"Persian, Iranian (Iran)",General,مگه بهت زنگ نزدند؟
Persian,"Persian, Iranian (Iran)",General,فریاد
Persian,"Persian, Iranian (Iran)",General,خسته
Persian,"Persian, Iranian (Iran)",General,فرار
Persian,"Persian, Iranian (Iran)",General,بگو چقدر سرگرم‌کننده خواهد بود.
Persian,"Persian, Iranian (Iran)",General,لعنت بر پدرت
Persian,"Persian, Iranian (Iran)",General,هکرهای ما هیچ کم از دیگران ندارند.
Persian,"Persian, Iranian (Iran)",General,خیلی جالب خواهد بود.
Persian,"Persian, Iranian (Iran)",General,فقط منتظر یکی از بازی‌های شیرینت باش.
Persian,"Persian, Iranian (Iran)",General,ما منتظر تازه‌ترین آتش خواهیم ماند
Persian,"Persian, Iranian (Iran)",General,به این معناست که، ساخته نخواهد شد.
Persian,"Persian, Iranian (Iran)",General,با اینکه از ده کارگر تشکیل شده است، 15 سال طول می‌کشد.
Persian,"Persian, Iranian (Iran)",General,به نظر می‌رسد که سایر افراد نیز با هواپیما به لوگر خواهند رفت ...
Persian,"Persian, Iranian (Iran)",General,ساخت این فرودگاه نیز به نظر می‌رسد مشابه رفتن به مریخ باشد.
Persian,"Persian, Iranian (Iran)",General,درخت میوه کرم از خودش است. 
Persian,"Persian, Iranian (Iran)",General,بیرون باغ که دیدیم تا انتهای باغ را دیده ایم. 
Persian,"Persian, Iranian (Iran)",General,حرف اگر داخل شیشه کنی به بیرون درز خواهد کرد. 
Persian,"Persian, Iranian (Iran)",General,حرف تا در دل داری در اختیار تست.
Persian,"Persian, Iranian (Iran)",General,دل که سفره نیست پیش همه پهن کنی. 
Persian,"Persian, Iranian (Iran)",General,خرس را به آهنگری بسته‌اند.
Persian,"Persian, Iranian (Iran)",General,اگر باید آب را در هاون کند که بکوبی نمی‌گذارد بیکار باشی. 
Persian,"Persian, Iranian (Iran)",General,کور اگر بازار نرود بازار می‌گندد.
Persian,"Persian, Iranian (Iran)",General,آیت کرت آخر است. 
Persian,"Persian, Iranian (Iran)",General,چاه کن همیشه ته چاه است. 
Persian,"Persian, Iranian (Iran)",General,قیمت غذا مسبت به حجم غذا خیلی خیلی گرون و غیر منصفانه ست ساندویچ هیولای ژامبون در حد بچه غول هم نبود و اصلا هم خوشمزه نبود اما ساندویچ چوریتسو عالی و بسیار بسیار خوشمزه بود
Persian,"Persian, Iranian (Iran)",General,لطف کنید از عکس‌های اینترنتی استفاده نکنید و عکس خوده محصولتون رو بزارید. اخه این کجا و اون کجا. متاسفام
Persian,"Persian, Iranian (Iran)",General,شدیدا اسیب دیده بود (طبق عکس اپلود شده)
Persian,"Persian, Iranian (Iran)",General,به جای کیک وانیلی کاکائویی، کیک کاکائویی ساده ارسال شده بود.
Persian,"Persian, Iranian (Iran)",General,خورشتش مزه آب میداد و ٩٥٪‏ حجم قیمش لپه بود: / اصلا پیشنهاد نمیکنم!!:
Persian,"Persian, Iranian (Iran)",General,بسیار عالی و به موقع، ممنونم
Persian,"Persian, Iranian (Iran)",General,حجم ساندویجش کلا نصف شده!
Persian,"Persian, Iranian (Iran)",General,عالی.. فقط جای یه چنگال خالی بود
Persian,"Persian, Iranian (Iran)",General,فوق العاده بی نمک بود و بوی تند گوشت میداد
Persian,"Persian, Iranian (Iran)",General,اول اینکه بوی بدی داشت دوم اینکه به همه چیز میخور به جز رست بیف جوری که منو یاد گوشت آب پز داخل دیزی انداخت بسیار خیس بود نان خشک و بد مزه‌ای داشت لطفا تناسب مایعات رو رعایت کنید احتمالا آخرین بار هست که سفارش از اینجا میدم
Persian,"Persian, Iranian (Iran)",General,پس چرا نمی‌آیی؟
Persian,"Persian, Iranian (Iran)",General,ما هم می‌آییم
Persian,"Persian, Iranian (Iran)",General,عجله کن
Persian,"Persian, Iranian (Iran)",General,پس کجایی عزیزم؟
Persian,"Persian, Iranian (Iran)",General,بیا برویم ناهار بخوریم. وای نه، یک چیز آشغال خوردم، دلم به‌هم ریخته.
Persian,"Persian, Iranian (Iran)",General,من و تو و حسن
Persian,"Persian, Iranian (Iran)",General,گل و بلبل و سنبل
Persian,"Persian, Iranian (Iran)",General,۵+۴+۳
Persian,"Persian, Iranian (Iran)",General,آخه پس چرا نمی‌آیی؟
Persian,"Persian, Iranian (Iran)",General,کمرم داغون شد.
Persian,"Persian, Iranian (Iran)",General,این کار که انقدر به فس فس کردن و دیر جنبیدن نیاز ندارد.
Persian,"Persian, Iranian (Iran)",General,یک بار دیگر این‌طور بشود، با او دعوا می‌کنم.
Persian,"Persian, Iranian (Iran)",General,از بس خوب بود، دل‌پیچه گرفتم.
Persian,"Persian, Iranian (Iran)",General,برای چه؟
Persian,"Persian, Iranian (Iran)",General,با کار/آدم خطرناک درافتاده.
Persian,"Persian, Iranian (Iran)",General,خدا داند، خدیجه.
Persian,"Persian, Iranian (Iran)",General,حالا انقدر هم شوخ و شنگ بودن و بگو بخند کردن خوب نیست.
Persian,"Persian, Iranian (Iran)",General,مگر کسی دنبالت می‌کند?
Persian,"Persian, Iranian (Iran)",General,نان گندم برای هضم به شکم (معده) فولادی نیاز دارد.
Persian,"Persian, Iranian (Iran)",General,این شخص خیلی خسیس است.
Persian,"Persian, Iranian (Iran)",General,چاقوی تیز، برای برّة نر آمده است.
Persian,"Persian, Iranian (Iran)",General,برای خودت بخور، برای مردم بپوش.
Persian,"Persian, Iranian (Iran)",General,سفرهٔ بابای شما سر کوچه است.
Persian,"Persian, Iranian (Iran)",General,این شکوفه‌ها چه زیبا هستند
Persian,"Persian, Iranian (Iran)",General,خانهٔ شما
Persian,"Persian, Iranian (Iran)",General,خدا خر را دیده که به او شاخ نداده
Persian,"Persian, Iranian (Iran)",General,طرف مار را کشته، اما بچه مار را زنده گذاشته.
Persian,"Persian, Iranian (Iran)",General,جنگلی شتر دیده.
Persian,"Persian, Iranian (Iran)",General,چشم زمستان کور است.
Persian,"Persian, Iranian (Iran)",General,گربه را بُراق کرده.
Persian,"Persian, Iranian (Iran)",General,فدا سرت. عیبی نداره.
Persian,"Persian, Iranian (Iran)",General, دماغش چقدر پهنه. لباش شبیه پشت عنترن.
Persian,"Persian, Iranian (Iran)",General, انگار از پشت فیل افتاده.
Persian,"Persian, Iranian (Iran)",General, تو رو خدا بفرما داخل خونه.
Persian,"Persian, Iranian (Iran)",General,عبده این کی بود؟
Persian,"Persian, Iranian (Iran)",General,غلام با ابر سیاه آمد و دختر را به قصر شاه پریان برد.
Persian,"Persian, Iranian (Iran)",General,این وب چقدر قشنگه.
Persian,"Persian, Iranian (Iran)",General,می‌خواهم یقه‌ام را پاره کنم (از استیصال/عصبانیت)
Persian,"Persian, Iranian (Iran)",General, گند بخوره به کارت.
Persian,"Persian, Iranian (Iran)",General, برعکس مادرش که عاقل بود خودش انگار دیونس.
Unclassified,Dezfuli (Iran),Dezfuli,دارُم برُُم
Unclassified,Dezfuli (Iran),Dezfuli,اَ خِرسی خُوَراش، بِتِرِكِهَ. (مياش بِريزِهِن.)
Unclassified,Dezfuli (Iran),Dezfuli,گُسنَمَ
Unclassified,Dezfuli (Iran),Dezfuli,مو چایی نَمخَرُم.
Unclassified,Dezfuli (Iran),Dezfuli,عالی بید؛ بوسی بِ جونت، دورت گَردام.
Unclassified,Dezfuli (Iran),Dezfuli,اَفتو اَ كولا دَر اومَسَ.
Unclassified,Dezfuli (Iran),Dezfuli,خدا زِيدَ مِ سَرِش.
Unclassified,Dezfuli (Iran),Dezfuli,چِ ساختيَه
Unclassified,Dezfuli (Iran),Dezfuli,دُختَرون دارِن بِروِن
Unclassified,Dezfuli (Iran),Dezfuli,دُختَرون داشتِن بِرَفتِن
Unclassified,Dezfuli (Iran),Dezfuli,روانشناسون خواص زياديَه سی گِريوِسَن گُفتِنَ و گِريوِسَن را سی گُرُختَن اَ فشار غُصَ دونِن.
Unclassified,Dezfuli (Iran),Dezfuli,ای مربا خُوَردَن دارَ.
Unclassified,Dezfuli (Iran),Dezfuli,مِنِ كُلِ عُمرُم ايطور غذایی نخُوَردَمِ
Unclassified,Dezfuli (Iran),Dezfuli,اهل هوش چطورِن؟
Unclassified,Dezfuli (Iran),Dezfuli,دَستون بی بلا سی پخش ای فیلم سی گیوَ هرسينی.
Unclassified,Dezfuli (Iran),Dezfuli,وِيلَتِ سی ارثِ بوَمون كه بی کَس موندِنِ
Unclassified,Dezfuli (Iran),Dezfuli,بيشترشونِ پِر اولِ ببينُم
Unclassified,Dezfuli (Iran),Dezfuli,اِی جون سی شهرِمون
Unclassified,Dezfuli (Iran),Dezfuli,کلی سلام وَر زنون کُرد كل دنيا اَ كرمانشاه تا كُردستان
Unclassified,Dezfuli (Iran),Dezfuli,هر وقت نونِ پخت بُنگِمُنِ كُرد. اومون بچونَ قطار وَرِش بنِشستيم و منتظر بمونديم تا نون ری تُوَ بِبِريزِس و بِ داد دَسِمون
Unclassified,Dezfuli (Iran),Dezfuli,بُردِنُ و اُوُردِن
Unclassified,Dezfuli (Iran),Dezfuli,قيل و قال
Unclassified,Dezfuli (Iran),Dezfuli,به اَمون خدا
Unclassified,Dezfuli (Iran),Dezfuli,اَر خدا نَخو، برگی اَ درخت نَم اُفتَه
Unclassified,Dezfuli (Iran),Dezfuli,اَر نخُوَرديم نون گندم، اما ديدُم دست مردم
Unclassified,Dezfuli (Iran),Dezfuli,عوُان چيَه كِ تا دست مِن تييَش نكنی،دونِشِ نَمگُشَ؟
Unclassified,Dezfuli (Iran),Dezfuli,مَر وَرِت زنگ نَزَدُن؟
Unclassified,Dezfuli (Iran),Dezfuli,قيلِ و قال
Unclassified,Dezfuli (Iran),Dezfuli,عاجز
Unclassified,Dezfuli (Iran),Dezfuli,گُرُختَن
Unclassified,Dezfuli (Iran),Dezfuli,گوئُم چَقذَر مخو خوش گُذَردَ
Unclassified,Dezfuli (Iran),Dezfuli,لعنت وَر بوئَت
Unclassified,Dezfuli (Iran),Dezfuli,هكرا اُمون اَ هيچكی كمتر نَيسِن
Unclassified,Dezfuli (Iran),Dezfuli,ايان خيلی خوبَ
Unclassified,Dezfuli (Iran),Dezfuli,فقط صبر سی یکی از بازیا شِرینت
Unclassified,Dezfuli (Iran),Dezfuli,سی تشِ نويی صبرِ كنيم
Unclassified,Dezfuli (Iran),Dezfuli,یعنی نَمسازِهَ
Unclassified,Dezfuli (Iran),Dezfuli,اَرچِ ده تا كارگر دارَ، پونزده سال طولِ كَشَ
Unclassified,Dezfuli (Iran),Dezfuli,مَرسی بقیه مردمم پِ طَيارِ بِرُوِن لوگار
Unclassified,Dezfuli (Iran),Dezfuli,ساختن ای فرودگاهم لِف رفتن بِ مريخَ
Unclassified,Dezfuli (Iran),Dezfuli,كرم اَ خود درختَ
Unclassified,Dezfuli (Iran),Dezfuli,دَر باغَ كه ديديم مَرِسی كلِ باغَ ديديمَ
Unclassified,Dezfuli (Iran),Dezfuli,قِصَنِ اَر مِ شيشه هم كُنی دَرزِ كُنِ در
Unclassified,Dezfuli (Iran),Dezfuli,قصه تا مِنِ دِلتَ مالِ خوتَ
Unclassified,Dezfuli (Iran),Dezfuli,دلت سفره نی كه وَر كل گُشيِش
Unclassified,Dezfuli (Iran),Dezfuli,خرسِ بَسِنِ به آهنگری
Unclassified,Dezfuli (Iran),Dezfuli,اَر وَنت اوِ مِن هاونِ كند كويی نَمهِلَت بيكار بويی
Unclassified,Dezfuli (Iran),Dezfuli,کور اَر نَروِ بازار، بازار گَندَ
Unclassified,Dezfuli (Iran),Dezfuli,كارِت تَمومَ
Unclassified,Dezfuli (Iran),Dezfuli,چَه كن هميشه ته چه است
Unclassified,Dezfuli (Iran),Dezfuli,قیْمت غذا نسبت به حجم غذا خيلی خیلی گرون است ساندویچ هیولای ژامبون در حد بچه غول هم نَبيد و اصنم هم خوشمزه نبید ولی ساندویچ چوریتسو عالی و بسیار بسیار خوشمزه بید
Unclassified,Dezfuli (Iran),Dezfuli,بی زحمت اَ عكسا اينترنتی استفاده نكنيد و عكس همون چيه وَنيد. خُب ای كجا و او كجا. متاسفم
Unclassified,Dezfuli (Iran),Dezfuli,كَپِس بيد
Unclassified,Dezfuli (Iran),Dezfuli,اَ جا كيك وانيلی کاکائویی، کیک کاکائویی ساده فِرستادِن بيد
Unclassified,Dezfuli (Iran),Dezfuli,خورشش مِزه اوِ داد و ٩٥٪؜ حجم قيمش لپه بيد. اصن نَمگُمِت گِری
Unclassified,Dezfuli (Iran),Dezfuli,خیلی خوب و سر وقت، ممنونم
Unclassified,Dezfuli (Iran),Dezfuli,حجم ساندویچش کلا نصف بوِس بيد
Unclassified,Dezfuli (Iran),Dezfuli,همه چی خوب، فقط جای یَ چنگال خالی بید
Unclassified,Dezfuli (Iran),Dezfuli,کَلِ بيد و بو گوشتِ داد
Unclassified,Dezfuli (Iran),Dezfuli,اول اين كه بو بدی بداد بعدشم به همه چی بُرد الا رست بیف. مُنِ يادِ گوشت آب پز مِن ديزی بِس. خیلیِ فيس بيد. نونش راق بيد و بد مِزِه. زیاد او نریزید مِنِش. بعد ايان اَ ايچون دَ گِ چی نَمخوام
Unclassified,Dezfuli (Iran),Dezfuli,پَ اَچِ نَميايی؟
Unclassified,Dezfuli (Iran),Dezfuli,اُمونَم بِمياييم
Unclassified,Dezfuli (Iran),Dezfuli,دِ يَلا
Unclassified,Dezfuli (Iran),Dezfuli,پَ كِجايی كَسونُم؟
Unclassified,Dezfuli (Iran),Dezfuli,دِ بيا روييم نهار خورييم. وِيلَتِه چِ فِگِری خُوَردَم، دِلُم شيوِس
Unclassified,Dezfuli (Iran),Dezfuli,مُنُ تونو حسن
Unclassified,Dezfuli (Iran),Dezfuli,گل و بلبل و سنبل
Unclassified,Dezfuli (Iran),Dezfuli,۵+۴+۳
Unclassified,Dezfuli (Iran),Dezfuli,اوخِی پَ اَچِ نَومِيیَ
Unclassified,Dezfuli (Iran),Dezfuli,قَلُم بُرِس
Unclassified,Dezfuli (Iran),Dezfuli,پَ اَچِ اَقدَر فس فسِ كُنی
Unclassified,Dezfuli (Iran),Dezfuli,اَ يَرَ دِگِ ايطور بييِس پِيِش دعوا كُنُم
Unclassified,Dezfuli (Iran),Dezfuli,اَ چَن خوب بيد دِلُم شِوِس
Unclassified,Dezfuli (Iran),Dezfuli,سی چِ؟
Unclassified,Dezfuli (Iran),Dezfuli,مِ كار يا شخص خطرناكی دَر اوفتيديِه
Unclassified,Dezfuli (Iran),Dezfuli,خدا دونِه خجيجه
Unclassified,Dezfuli (Iran),Dezfuli,ايسون هم عَقذَر شَنگولی خوب نی
Unclassified,Dezfuli (Iran),Dezfuli,مَر كسی وَندَ دومات
Unclassified,Dezfuli (Iran),Dezfuli,نون گَنُم سی هضمِش گَدِ فولادی مَخو
Unclassified,Dezfuli (Iran),Dezfuli,ای شخص خیلی كَلولَ
Unclassified,Dezfuli (Iran),Dezfuli,چَقو تيز سی بره نر اومَسَ
Unclassified,Dezfuli (Iran),Dezfuli,سی خودت خُوَر سی مردم پوش
Unclassified,Dezfuli (Iran),Dezfuli,سُفره بويَت سَر كيچَس
Unclassified,Dezfuli (Iran),Dezfuli,ای شکوفه‌ها چَقذَر قشنگن
Unclassified,Dezfuli (Iran),Dezfuli,هوشتون
Unclassified,Dezfuli (Iran),Dezfuli,خدا خرُ اِشناخت كه شاخ نداش
Unclassified,Dezfuli (Iran),Dezfuli,مارِ كُشتَ اما بچشو هَشتِ زِندَ
Unclassified,Dezfuli (Iran),Dezfuli,جنگلی که شتر دیدَ
Unclassified,Dezfuli (Iran),Dezfuli,تیِ زمسّون كورَ
Unclassified,Dezfuli (Iran),Dezfuli,گربَنَ لرزُندِش
Unclassified,Dezfuli (Iran),Dezfuli,صِدقِ سرت عيبی ندارَ
Unclassified,Dezfuli (Iran),Dezfuli,پِتِش چَقدَر تَپُسَ لُواش لِف قين عنترِن 
Unclassified,Dezfuli (Iran),Dezfuli,مَرِسی عَ قين فيل اُفتيدَ  
Unclassified,Dezfuli (Iran),Dezfuli,تو نو خدا فَرما هوُش 
Unclassified,Dezfuli (Iran),Dezfuli,عبده ایی یان کی بید؟
Unclassified,Dezfuli (Iran),Dezfuli,غلوم پِ اُرِ سیَه اومَّه دخترَ برد قصر شاه پریون.
Unclassified,Dezfuli (Iran),Dezfuli,ای وب چَنی قشنگَه
Unclassified,Dezfuli (Iran),Dezfuli,مَخوم یَقه‌مَه دِروم
Unclassified,Dezfuli (Iran),Dezfuli,تَش به كارِت 
Unclassified,Dezfuli (Iran),Dezfuli,هر چه مارِش دوُنا بيد خودش مَرِسی زِيَس 
Luri,"Luri, Southern (Iran)",General,داروم ایروم
Luri,"Luri, Southern (Iran)",General,ای خرسم ینه خرد ایپوکه
Luri,"Luri, Southern (Iran)",General,گسنمه
Luri,"Luri, Southern (Iran)",General,مو چویی نیخروم
Luri,"Luri, Southern (Iran)",General,عالی بی دورت بگردوم
Luri,"Luri, Southern (Iran)",General,افتو و کمو ور زیده بالا
Luri,"Luri, Southern (Iran)",General,وونه خدا زیدشه
Luri,"Luri, Southern (Iran)",General,چه درست کردیه
Luri,"Luri, Southern (Iran)",General,دورل دارن ایرن
Luri,"Luri, Southern (Iran)",General,دورل داشتن ایرفتن
Luri,"Luri, Southern (Iran)",General,دکترل ایگن گیروسن سی چن چی خوبه. خلاص وبیدن از فشار استرس و تحمل درد و غم و غصه
Luri,"Luri, Southern (Iran)",General,او مربا خردن داره
Luri,"Luri, Southern (Iran)",General,من عمرم چنن غذی نخردمه
Luri,"Luri, Southern (Iran)",General,برو بونکو چطرن
Luri,"Luri, Southern (Iran)",General,دستون درد نکنه سی ای کلیپ بابت گیوه هرسینی
Luri,"Luri, Southern (Iran)",General,ای واویلا که ارث بوامون که بی پناه موندنه
Luri,"Luri, Southern (Iran)",General,بیشترشونه بار اولیه که ایبینوم
Luri,"Luri, Southern (Iran)",General,ای جون سی شهرمون
Luri,"Luri, Southern (Iran)",General,درود فراوان و زنل کورد سراسر دنیا و کرمونشاه تا کردستون
Luri,"Luri, Southern (Iran)",General,هر وقت که نون ایپخت بونگمون ایزد. ایما بچیل وصف تیش اینشسیم و تیمون و توه بی تا نون برشته وابو و بدن دستمون
Luri,"Luri, Southern (Iran)",General,بردن و اوردن
Luri,"Luri, Southern (Iran)",General,قیل و قال
Luri,"Luri, Southern (Iran)",General,خدا پشت و پنات بو
Luri,"Luri, Southern (Iran)",General,ای نه امر خدا بو برگی و درخت نیفته
Luri,"Luri, Southern (Iran)",General,ای نخردیم نون گندم، ولی دییمه دست مردم
Luri,"Luri, Southern (Iran)",General,وو چنه که تا دست من تیش نکنی دهوونش واز نیبو
Luri,"Luri, Southern (Iran)",General,می وت زنگ نزهنه
Luri,"Luri, Southern (Iran)",General,قال
Luri,"Luri, Southern (Iran)",General,خسه
Luri,"Luri, Southern (Iran)",General,گروختن - گروهتن
Luri,"Luri, Southern (Iran)",General,وم بگو قراره چق خوش بگذرده
Luri,"Luri, Southern (Iran)",General,نعلت و بوت
Luri,"Luri, Southern (Iran)",General,هکرل ایمو و همه بخترن
Luri,"Luri, Southern (Iran)",General,مهلی خوب ایبو
Luri,"Luri, Southern (Iran)",General,فق منتظر یکی و بوزیل خووت بو
Luri,"Luri, Southern (Iran)",General,تیمونه و روزل خوب دختیمه
Luri,"Luri, Southern (Iran)",General,ینی هیچ وقت تمام نیبو
Luri,"Luri, Southern (Iran)",General,ده نفری ریش کار ایکنن پونزده سال طول ایکشه
Luri,"Luri, Southern (Iran)",General,فکر ایکونوم بوقیشین بی هواپیما ایرن لوگار
Luri,"Luri, Southern (Iran)",General,ساخت ای فرودگاهم می مریخ رهتنه
Luri,"Luri, Southern (Iran)",General,دار میوه کرم و خوشه
Luri,"Luri, Southern (Iran)",General,در باغه که دیمه تا بن باغم دیدیمه
Luri,"Luri, Southern (Iran)",General,ای گپه من شیشه کنی هم ایزنه در
Luri,"Luri, Southern (Iran)",General,تا حرف من دلته من دسته
Luri,"Luri, Southern (Iran)",General,دل نه سفره ی که تی همه پهنش کنی
Luri,"Luri, Southern (Iran)",General,خرس به اهنگری بسنه
Luri,"Luri, Southern (Iran)",General,ای همی یو بود که اوه وت بده من هاون بکوبی ایدت
Luri,"Luri, Southern (Iran)",General,کور ای نره بازار بازار گند ایکنه
Luri,"Luri, Southern (Iran)",General,د کارت تمومه
Luri,"Luri, Southern (Iran)",General,چه کن همیشه من بن چهیه
Luri,"Luri, Southern (Iran)",General,ایقد غذا و قیمتش نیارزه ساندویچ هیولای ژامبون قد بچه غولم نبی و اصن طوم نداشت اما ساندویچ چوریتسو خوب و خوش طوم بید
Luri,"Luri, Southern (Iran)",General,لطف کنین و عکسل اینترنتی استفاده نکنید و عکس محصولتونه بیلین. یو کجا و وو کجا. متاسفم
Luri,"Luri, Southern (Iran)",General,و کل خرد و بر ووبی
Luri,"Luri, Southern (Iran)",General,جی کیک وانیلی کاکایویی کیک کاکایویی بسی کردنه
Luri,"Luri, Southern (Iran)",General,خورشش طوم او ایداد همشم لپه بی. مو هم نیگوم که بسونین
Luri,"Luri, Southern (Iran)",General,مهلی خش بی و سر وقت. ممنونم
Luri,"Luri, Southern (Iran)",General,ساندویچش نصف ووبیده
Luri,"Luri, Southern (Iran)",General,عالی بی فقط جی چنگال خالی بی
Luri,"Luri, Southern (Iran)",General,مهلی بی نمک بی او بوی ضخم گوشت ایدا
Luri,"Luri, Southern (Iran)",General,اولش یه که بد بو بی دومش یه که و هرچه ایخه غیر رست بیف طری که مونه ویاد گوشت من اوگوشت انداخت. خیلی اوکی بی و نونشم خشک و بد طوم بی. نسبت اوشه حفظ کنین. بار اخره که اینجو سفارش ایدم
Luri,"Luri, Southern (Iran)",General,سی چه نیی
Luri,"Luri, Southern (Iran)",General,ما هم اییم
Luri,"Luri, Southern (Iran)",General,زی وو
Luri,"Luri, Southern (Iran)",General,په کوونی عزیزوم
Luri,"Luri, Southern (Iran)",General,بیو بریم چاس بخریم. نه یچی آشغالی خردمه دلمه ایچی ونه
Luri,"Luri, Southern (Iran)",General,مو و تو و حسن
Luri,"Luri, Southern (Iran)",General,گل و بلبل و سنبل
Luri,"Luri, Southern (Iran)",General,پنج و چار و سه ریک
Luri,"Luri, Southern (Iran)",General,په سیچه نیی
Luri,"Luri, Southern (Iran)",General,کمرم اشکست
Luri,"Luri, Southern (Iran)",General,نیخو این کاره فس فس کنی و معطل کنی
Luri,"Luri, Southern (Iran)",General,ای یه دفعه دیه ایچنو ووبی دعواش ایکنم
Luri,"Luri, Southern (Iran)",General,از بی خوب بی کم درد گرفتم
Luri,"Luri, Southern (Iran)",General,سیچه 
Luri,"Luri, Southern (Iran)",General,قد یه ادم خطرناکی خرده
Luri,"Luri, Southern (Iran)",General,خدا ایدونه خدیجه
Luri,"Luri, Southern (Iran)",General,ایقدم نخوبه که هی بگی و بخندی
Luri,"Luri, Southern (Iran)",General,می کسی دین داته
Luri,"Luri, Southern (Iran)",General,نون گنم سی هضم کم اهنی ایخو
Luri,"Luri, Southern (Iran)",General,و دستش او توک نیکنه - ای ادم مهلی گنسه
Luri,"Luri, Southern (Iran)",General,چاقوی تیز سی بره ی نره
Luri,"Luri, Southern (Iran)",General,سی خوت بخر سی مردم بپوش
Luri,"Luri, Southern (Iran)",General,سفره بوت سر کیچه ی
Luri,"Luri, Southern (Iran)",General,ای شکوفیل چق قشنگن
Luri,"Luri, Southern (Iran)",General,هونتون
Luri,"Luri, Southern (Iran)",General,خدا خرو دید و شاخش نداد
Luri,"Luri, Southern (Iran)",General,مارو کشته تیله مارو نهاده
Luri,"Luri, Southern (Iran)",General,جنگلی شتر دیده
Luri,"Luri, Southern (Iran)",General,تیی زمسون کوره
Luri,"Luri, Southern (Iran)",General,گلوه تشی کرده
Luri,"Luri, Southern (Iran)",General,و جهنم فدی سرت
Luri,"Luri, Southern (Iran)",General,پوزش چق پهنه لولش می کون عنتره
Luri,"Luri, Southern (Iran)",General,انگار از پشت فیل افتایه
Luri,"Luri, Southern (Iran)",General,تن خدا بیو من هونه
Luri,"Luri, Southern (Iran)",General,یه که بی
Luri,"Luri, Southern (Iran)",General,غلوم بی اور سه اومد و دور به قصر شاه پریون برد
Luri,"Luri, Southern (Iran)",General,ای سایت چق قشنگه
Luri,"Luri, Southern (Iran)",General,ایخوم حقمه بدرروم
Luri,"Luri, Southern (Iran)",General,تش وکارت بو
Luri,"Luri, Southern (Iran)",General,هر چه دیش عاقل بی خوش کلوعه
Caspian,Mazandarani (Iran),Tonekaboni,داره بوشُم
Caspian,Mazandarani (Iran),Tonekaboni,خرس اَنه بوخاره، ترکنه (اینه مو ریزنه)
Caspian,Mazandarani (Iran),Tonekaboni,مِره وشنایه
Caspian,Mazandarani (Iran),Tonekaboni,چای نوخارنُم
Caspian,Mazandarani (Iran),Tonekaboni,عالی با؛ ماچ تی جان، تی قربان بوشُم
Caspian,Mazandarani (Iran),Tonekaboni,آفتاب کُدام سَمت در بومه؟
Caspian,Mazandarani (Iran),Tonekaboni,اونه خدا بزه.
Caspian,Mazandarani (Iran),Tonekaboni,چی درست اَکوردی
Caspian,Mazandarani (Iran),Tonekaboni,کیجایِشان دارن بوشن
Caspian,Mazandarani (Iran),Tonekaboni,کیجایِشان دَبون بوشن
Caspian,Mazandarani (Iran),Tonekaboni,روان‌شناسشون بُرمِه کردنه خیلی خاصیت دانن و گونن بُرمِه کردن راهی هسه از فشار و استرس رها بِبی و درد و غم و غصه‌ره تحمل اَکُنی.
Caspian,Mazandarani (Iran),Tonekaboni,اون مربا خوردن داره.
Caspian,Mazandarani (Iran),Tonekaboni,می عمر ایتا غذا نوخارده بام.
Caspian,Mazandarani (Iran),Tonekaboni,تی زن و بچه چطورن؟
Caspian,Mazandarani (Iran),Tonekaboni,تی دست درد نکنه، این کلیپ گیوه هرسینیه پخش اَکوردی.
Caspian,Mazandarani (Iran),Tonekaboni,ای داد و بیداد، امی پیرشانه میراث بی پشت و پناه بمانسه.
Caspian,Mazandarani (Iran),Tonekaboni,بیشترشانه اول دفعه وینُم.
Caspian,Mazandarani (Iran),Tonekaboni,ای جان، امی شهره
Caspian,Mazandarani (Iran),Tonekaboni,درود فراوان به کُردِ زنان سرتاسر دنیا، از کرمانشا بگیته تا کردستان
Caspian,Mazandarani (Iran),Tonekaboni,هَروَخت نان دُرُست کَنه با، اَمره صِدا زَنه با. امی وَچِه‌یِشان هم هَمه اینه کِنارِ به صَف نیشِنه بیم و چِش دَوِسِنه بیم تا نانِ ساجه رو بِرِشته بابو و امی دَس بَرسه.
Caspian,Mazandarani (Iran),Tonekaboni,ببِردَن و بیارِدَن
Caspian,Mazandarani (Iran),Tonekaboni,داد و فَریاد
Caspian,Mazandarani (Iran),Tonekaboni,خُدا تِره بِداره
Caspian,Mazandarani (Iran),Tonekaboni,اَگَر حضرتِ حَقِّه اَمر نَبو، بَرگ از دِرَخت نَکَنه.
Caspian,Mazandarani (Iran),Tonekaboni,نوخارْدیم نان و گَندُم، اَما بِدِیم دَستِ مَردُم.
Caspian,Mazandarani (Iran),Tonekaboni,آن چیَه تا دَسِت اینه چِش فُرو نَکُنی، دَهان باز نَکونه
Caspian,Mazandarani (Iran),Tonekaboni,مَگِه تِره زَنگ نَزَن؟
Caspian,Mazandarani (Iran),Tonekaboni,فَریاد
Caspian,Mazandarani (Iran),Tonekaboni,کرکِتال
Caspian,Mazandarani (Iran),Tonekaboni,فِرار
Caspian,Mazandarani (Iran),Tonekaboni,بِگو مِره چَندی خونه خُش بِگْذره
Caspian,Mazandarani (Iran),Tonekaboni,تی پِیرِه لَعْنَت
Caspian,Mazandarani (Iran),Tonekaboni,امی هکِرِشان چیزی کَم از بَقّیه نِدارِن
Caspian,Mazandarani (Iran),Tonekaboni,خیلی جالِب بونه
Caspian,Mazandarani (Iran),Tonekaboni,فَقَد مُنتَظِرِه یکی از بازی‌های شیرینِت بو
Caspian,Mazandarani (Iran),Tonekaboni,مُنتَظِرِه تازه آتیش حِسّیم.
Caspian,Mazandarani (Iran),Tonekaboni,یعنی این‌که، کار نَکَنه.
Caspian,Mazandarani (Iran),Tonekaboni,گَرچه از ۱۰ تا کارِگَر تَشکیل بابا، ۱۵ سال طول کَشِنه.
Caspian,Mazandarani (Iran),Tonekaboni,به نَظَر آنه که بَقّیه آدَمِشان هم با تَیّاره شونِن لوگار.
Caspian,Mazandarani (Iran),Tonekaboni,به نَظَر آنه که ساخته این فرودگاه هم مِریخ رِسِنه.
Caspian,Mazandarani (Iran),Tonekaboni,دِرَختِ میوه کِرْم از خُودِشِه.
Caspian,Mazandarani (Iran),Tonekaboni,بیرونِ باغه که بِدِیم تا تَهِ باغه بِدِیم/بوخانسوم
Caspian,Mazandarani (Iran),Tonekaboni,حَرفِ اَگه شیشهٔ دِلِه اَکُنی، به بیرون دَرز نَکَنه.
Caspian,Mazandarani (Iran),Tonekaboni,حَرف تَا دِلِه مین داری، تی اختیار دره.
Caspian,Mazandarani (Iran),Tonekaboni,دِل ‌خا سفره نِیه هَمه پیش وا هَکُنی.
Caspian,Mazandarani (Iran),Tonekaboni,خِرسِ آهنگری دَوِسَن.
Caspian,Mazandarani (Iran),Tonekaboni,اَگَر آبه ‌هاونه مین دَکُنِن، نِزارنِن تو بیکار بی.
Caspian,Mazandarani (Iran),Tonekaboni,کُور اَگه بازار نُشه، بازار گَندِنه.
Caspian,Mazandarani (Iran),Tonekaboni,این آخَرین دَفعه‌.
Caspian,Mazandarani (Iran),Tonekaboni,چاه کَن همیشه تَهِ چاه دره.
Caspian,Mazandarani (Iran),Tonekaboni,غذا قیمت به نِسبَتِ اینه حجم خیلی گِران و غِیرِ مُنصِفانه هِسِه، ساندویچِ هیولای ژامبون در حَدِ وَچه‌غول هم نَبا، اَما ساندویچِ چوریتسو عالی و بسیار بسیار خوش‌مَزه با.
Caspian,Mazandarani (Iran),Tonekaboni,لُطف اَکونین از عکسِ اینترنتی استفاده نَکونین و عکسِ خُوده محصول بَنین. آخِه این کُجه و اون کُجه. مُتأسِفَم.
Caspian,Mazandarani (Iran),Tonekaboni,شدید آسیب بِدِیه با (طبقِ عکسِ آپلود شُده).
Caspian,Mazandarani (Iran),Tonekaboni,جای کیکِ وانیلی‌ه کاکائویی، یه کیکِ کاکائویی ساده ارسال اَکوردِن.
Caspian,Mazandarani (Iran),Tonekaboni,اینه خورش مَزه آب دنه با، ٪۹۵ حجم قیمه ‌لپه با؛ اَصلَن پیشنهاد نَکونُم.
Caspian,Mazandarani (Iran),Tonekaboni,بسیار عالی و خوش‌موقع، ممنونُم.
Caspian,Mazandarani (Iran),Tonekaboni,حَجمِ ساندویچ کُلان نِصف با.
Caspian,Mazandarani (Iran),Tonekaboni,عالی… فقط یه چَنگاله‌جا خالی با.
Caspian,Mazandarani (Iran),Tonekaboni,فوق‌العاده بی‌نَمَک با و بوی تُندِ گوشت دانه با.
Caspian,Mazandarani (Iran),Tonekaboni,اَوَل این‌که بویِ بَدی دنه با، دُوُم این‌که هَمه چیِه خارنه با جُز رُست‌بیفه که مِره یادِ گوشتِ آب‌پَزِ دیزی مین بِن‌داخته؛ بسیار خیس با، نان خُشک و بَد‌مَزه‌ای با. لُطفاً تَناسُبِ مایعات رو رعایت اَکونین؛ احتمالاً آخَرین باره که ایجه سفارش دنُم.
Caspian,Mazandarani (Iran),Tonekaboni,پس چِرا نیانی؟
Caspian,Mazandarani (Iran),Tonekaboni,اَما هم آنیم.
Caspian,Mazandarani (Iran),Tonekaboni,عَجَله هَکون.
Caspian,Mazandarani (Iran),Tonekaboni,پس کُجه دری عزیزُم؟
Caspian,Mazandarani (Iran),Tonekaboni,بیا بیشیم ناهار بوخاریم. وای نه، یه چی آشغال بوخاردم، می دِل بِهَم بِریخته.
Caspian,Mazandarani (Iran),Tonekaboni,مِنو تو و حَسَن
Caspian,Mazandarani (Iran),Tonekaboni,گُلو بُلبُلو سُنبُل
Caspian,Mazandarani (Iran),Tonekaboni,پَنج به‌علاوهٔ چار به‌علاوهٔ سِه
Caspian,Mazandarani (Iran),Tonekaboni,چِرا نِیانی پس؟
Caspian,Mazandarani (Iran),Tonekaboni,می کَمَر داغان بابا.
Caspian,Mazandarani (Iran),Tonekaboni,این کار خُو اندی فِس‌فِس کَردن و دیر جُنبیدن نیاز نِداره.
Caspian,Mazandarani (Iran),Tonekaboni,یه‌باره دیگه ایتا بابا وی هَمراه دعوا کانُم.
Caspian,Mazandarani (Iran),Tonekaboni,از بس خوب با، دِل پیچه بِیتُم.
Caspian,Mazandarani (Iran),Tonekaboni,چه ره ری؟
Caspian,Mazandarani (Iran),Tonekaboni,با کار/آدَمه خَطَرنَک در اَکِتی.
Caspian,Mazandarani (Iran),Tonekaboni,خُدا دانه، خَدیجه.
Caspian,Mazandarani (Iran),Tonekaboni,حالا اندی شُخُو‌شَنگ بودن و بگو بِخَند کَردن خوب نِیه.
Caspian,Mazandarani (Iran),Tonekaboni,مَگه کسی تِره دُنبال اَکوردِه؟
Caspian,Mazandarani (Iran),Tonekaboni,نانِ گَندُمِه هَضم کَردن مِعدهٔ فولادی خَانه.
Caspian,Mazandarani (Iran),Tonekaboni,ای شَخص خیلی خَسیس هِسِه.
Caspian,Mazandarani (Iran),Tonekaboni,چاقوی تیز، بَره‌ی نَره آماده هِسِه.
Caspian,Mazandarani (Iran),Tonekaboni,خوشتی‌ره بوخار، مردمِه‌ره دَکون.
Caspian,Mazandarani (Iran),Tonekaboni,تی پیره سفره سَرِ کوچه داره.
Caspian,Mazandarani (Iran),Tonekaboni,این شُکوفه‌شان چه زیبا هِسِن.
Caspian,Mazandarani (Iran),Tonekaboni,شیمی خانه
Caspian,Mazandarani (Iran),Tonekaboni,خُدا خَرِه بِدِیِه، اینه شاخ نَده.
Caspian,Mazandarani (Iran),Tonekaboni,طَرَف مَاره بوکُشته، اَما وَچه مَاره زِنده بَنه.
Caspian,Mazandarani (Iran),Tonekaboni,جنگلی شُتُر بِدیه.
Caspian,Mazandarani (Iran),Tonekaboni,زِمِستانه چِشم کوره.
Caspian,Mazandarani (Iran),Tonekaboni,پیچایه بُراغ اَکوردِه.
Caspian,Mazandarani (Iran),Tonekaboni,تی سَرِ فِدا، عِیب نَداره.
Caspian,Mazandarani (Iran),Tonekaboni,اینه دِماغ چَندی گَته. اینه لَب خُوده ميمونه موس.
Caspian,Mazandarani (Iran),Tonekaboni,اِنگار از فیل موس دَکِته.
Caspian,Mazandarani (Iran),Tonekaboni,تورو خُدا بفرمایین خانه دِلِه.
Caspian,Mazandarani (Iran),Tonekaboni,عَبدِه، این کیه؟
Caspian,Mazandarani (Iran),Tonekaboni,غُلام سیاه اَبره هَمراه بُما و کیجایه به قَصرِ شاهِ پَریان ببُرده.
Caspian,Mazandarani (Iran),Tonekaboni,این وب چَندی قشنگه.
Caspian,Mazandarani (Iran),Tonekaboni,خنوم، می یَقه پاره اَکونُم.
Caspian,Mazandarani (Iran),Tonekaboni,گی بوخاره، تی کاره.
Caspian,Mazandarani (Iran),Tonekaboni,بَرعَکسِ اینه مار که عاقِل با، این اِنگار توره.
Semnani,Semnani (Iran),Semnani,دارون مٍشین
Semnani,Semnani (Iran),Semnani,خٍرس ژو بَخورِه، مٍتٍرکییِه (ژو می مٍریژییَن)
Semnani,Semnani (Iran),Semnani,وَشُنون
Semnani,Semnani (Iran),Semnani,اَ چایی مٍناخارون
Semnani,Semnani (Iran),Semnani,عالی با، بوسا تَه جُوْن، تَه دُوْر بَگٍردون
Semnani,Semnani (Iran),Semnani,اَفتُو کُمین وَر پی بیرین اٍمیچی؟
Semnani,Semnani (Iran),Semnani,خُدِه ژو بوکوآچی
Semnani,Semnani (Iran),Semnani,چیچی دُرُست کٍرچَه؟
Semnani,Semnani (Iran),Semnani,دُختٍری دارَن مٍشین
Semnani,Semnani (Iran),Semnani,دُختٍری دٍرشُن مٍشِن
Semnani,Semnani (Iran),Semnani,رٍوانشٍناسی بُرمِه رَه خاصییٍّتی زیادی بٍشمارچیشُن و بُرمَه بٍجٍندییُن بٍرایی فٍشار و دٍلواسِه وُ تَحَمُّلی دَردی و غَم و غُصتِه خُوْ مٍزُنَن.
Semnani,Semnani (Iran),Semnani,اون مُرٍبّا بُخوردییُن دارِه
Semnani,Semnani (Iran),Semnani,دٍلَه عُمرین، چٍنین چیزایی نَخورچَن.
Semnani,Semnani (Iran),Semnani,جٍنییَه وَچِه چٍطُوْرییَن؟
Semnani,Semnani (Iran),Semnani,شٍما دَست دَردی نَکٍرِه بابٍتی پَخش واکٍردی اٍن کٍلیپین دَربارِه‌ای گیوِه‌یی هِرسینی
Semnani,Semnani (Iran),Semnani,صِه داد و بیداد بٍرایی هَما پییٍرون کو بی پُشت و پٍناه بٍمُنچَن
Semnani,Semnani (Iran),Semnani,ویشتٍرییون، اُوْلٍمین دَفَه‌یَه کو مِینون.
Semnani,Semnani (Iran),Semnani,اِی جان، هَما شَهری رَه.
Semnani,Semnani (Iran),Semnani,سٍلامی فٍراوُنی بٍر کُردی جٍنی، کٍرمُنشاه پی بَگیر تا کُردٍستان
Semnani,Semnani (Iran),Semnani,هَر وَخت نون مٍپٍتِش هَما صٍدا مٍکٍردِش. هَما زِکَه زَرییَن هَمَه ای رَج ژین پَلی مٍنییٍستین و چَش بٍه رِه مٍمُندین تا نون دیمَه ساجی بٍرٍشتَه وابو وُ هَما دَست اٍندِه.
Semnani,Semnani (Iran),Semnani,بٍبٍرد و بیارد
Semnani,Semnani (Iran),Semnani,داد و فٍریا
Semnani,Semnani (Iran),Semnani,خُدا نیگٍهدار
Semnani,Semnani (Iran),Semnani,اَگٍر اَمری حَضرٍتی حَقّي نَبو، اییَه وَلگَه دارین پی مَنٍکِه.
Semnani,Semnani (Iran),Semnani,اَگٍر گُندُمین نون نَخورچیمُن، مَرتُمُن دَست بٍدیچیمُن
Semnani,Semnani (Iran),Semnani,اون چیچییَه کو تا دَست ژو دِلَه چَشون نَکِرا، آلَه مِناکٍرِه؟
Semnani,Semnani (Iran),Semnani,مِگَه تَه رَه زَنگَه نَکوآچیشُن؟
Semnani,Semnani (Iran),Semnani,فٍریا
Semnani,Semnani (Iran),Semnani,هٍلاک
Semnani,Semnani (Iran),Semnani,بُوْریت
Semnani,Semnani (Iran),Semnani,مو رَه با چٍقٍد خُوْ مٍبو
Semnani,Semnani (Iran),Semnani,نَلٍت بٍر تَه پییٍر
Semnani,Semnani (Iran),Semnani,هَما هَکٍری هِچ چی پی مَنٍتٍرسَن
Semnani,Semnani (Iran),Semnani,خِیلی جالٍب مٍبو
Semnani,Semnani (Iran),Semnani,فَقٍد مُنتَظٍری ای وازی‌یی شٍرینی با
Semnani,Semnani (Iran),Semnani,هَما مُنتَظٍری تازَه‌تٍرین آتٍشی مٍمُنین
Semnani,Semnani (Iran),Semnani,یَعنی اٍن کو ساختَه مَنٍبو.
Semnani,Semnani (Iran),Semnani,با اٍنی کو دَس کاریگٍری دَرَن، پُنزَه سالی طول مِنجِه.
Semnani,Semnani (Iran),Semnani,خالمٍکَه اَفرادی دیگٍری هَم با هٍواپِیمِن لوگٍر مٍشین.
Semnani,Semnani (Iran),Semnani,ساختی اٍن فُرودگِن هَم مٍثلی مٍرّیخ بٍشییُنی مٍمُنِه.
Semnani,Semnani (Iran),Semnani,میوَه دارین کٍرم، ژین پی‌یَه.
Semnani,Semnani (Iran),Semnani,بیرینی رَزی کو بٍدیمُن، خالمٍکَه تا تَیی رَزی بٍدیچیمُن
Semnani,Semnani (Iran),Semnani,حٍکاتی اَگٍه دٍلَه شیشِه کَه، بازَم بٍه بیرین دَرز ماکٍرِه.
Semnani,Semnani (Iran),Semnani,حٍکاتی تا دٍلَه دٍلی دار، ژُن اٍختیار تَه دَست دَرَه.
Semnani,Semnani (Iran),Semnani,دٍل سُفرَه کو نییَه، هَمُنُن گَل هیلا واکَه.
Semnani,Semnani (Iran),Semnani,خٍرسی بٍبٍرچیشُن اُوْنگٍری.
Semnani,Semnani (Iran),Semnani,اَگٍه گیابو اُوْ دٍلَه هُوٍنگی بَکوتَن، تَه مٍنارزِه ویکار با.
Semnani,Semnani (Iran),Semnani,کور اَگٍه واژار نَشو، واژار مٍگُندییِه
Semnani,Semnani (Iran),Semnani,اٍن آخٍرین کَردَه‌یَه.
Semnani,Semnani (Iran),Semnani,چاخو هَمیشَه تَیی کِئین دَرَه.
Semnani,Semnani (Iran),Semnani,قِیمٍتی چی نٍسبٍت بٍه میقدار غٍذایی، خِیلی گٍرُنَه وُ مُنصٍفانَه نییَه. ساندِویچ هَیولایی ژامبون، دٍر حَدّی وَچَه غولی هَم نَبا، اَصلَن هَم بامَزَه نَبا، اَمّا ساندِویچی چوریتسو عالی و خِیلی بامَزَه با.
Semnani,Semnani (Iran),Semnani,لُطف هاکٍرین عَکسایی اینتٍرنٍتی پی ایستیفادَه ناکٍرین، اون عَکسایی کو خوشتٍرَه دُرُست کٍرچیتُن وارزین، آخٍه اٍنی کُجَه وُ اونی کُجَه. مُتَأسٍفون
Semnani,Semnani (Iran),Semnani,خِیلی خٍراب بٍبابا
Semnani,Semnani (Iran),Semnani,بٍه جایی کِیکی وانیلی کاکائویی، کِیکی کاکائویی سادِه وِسی بٍبابا.
Semnani,Semnani (Iran),Semnani,ژو خورِش اُوْین مَزَه دٍردِش و نُوِه وُ پَنج دَرصَدی ژو قِیمٍتی لَپِه بِن، اَصلا سٍفارٍش مٍناکٍرون.
Semnani,Semnani (Iran),Semnani,خِیلی عالی و بٍه مُوْقَه با، مَمنینون.
Semnani,Semnani (Iran),Semnani,ساندٍویجین اٍندازَه نٍصف بٍبابا.
Semnani,Semnani (Iran),Semnani,عالی با، فَقٍد جایی اییَه چٍنگالین خالی با.
Semnani,Semnani (Iran),Semnani,خِیلی بی‌نٍمٍک با وُ بویی تُندی گوشتی مادِش.
Semnani,Semnani (Iran),Semnani,اُوٍّل اِن کو بویی بَدی دٍردِش، دویُّم اٍن کو بٍه هَمَه چی مُخورد، غِیری رَست بیف، جوری کو گوشتی آب پِزی کو دٍلَه دیزین وٍندِش خِیلی خُستَه بِبابا، نونی خُشک و بَدمَزِه‌ای دٍردِش. لُطفَن اٍندازِه‌ای مایِعاتی رٍعایٍت هاکٍرین. اٍحتٍمالَن آخٍرین دَفَه‌یَه کو اٍنجو چی مارون.
Semnani,Semnani (Iran),Semnani,پَس چٍرَه مٍنییا؟
Semnani,Semnani (Iran),Semnani,هَما هَم مِن.
Semnani,Semnani (Iran),Semnani,جَلدی با.
Semnani,Semnani (Iran),Semnani,پَس کُجَه دَرِه عَزیزی مو؟
Semnani,Semnani (Iran),Semnani,بیا بَشین ناهار بَخورین، وای، نَه، ای چی‌ئی آشغالی بُخوردَن، مو دٍل هُم ریتَه‌یَه.
Semnani,Semnani (Iran),Semnani,اَ وُ تو وُ حَسَن.
Semnani,Semnani (Iran),Semnani,گُل و بُلبُل و سُنبُل.
Semnani,Semnani (Iran),Semnani,پَنج با چار و هِیرَه.
Semnani,Semnani (Iran),Semnani,آخٍه پَس چٍرَه مٍنییا؟
Semnani,Semnani (Iran),Semnani,مو کَمٍر داغُن وابا.
Semnani,Semnani (Iran),Semnani,اٍن کاری کو اٍنقٍد چُس چُس کٍردییُن و دیر بٍجُنبییُن نٍدارِه.
Semnani,Semnani (Iran),Semnani,اینی دَفَه اٍنجور بَبو، ژو رَه دَعوا ماکٍرون.
Semnani,Semnani (Iran),Semnani,بَسکی خُوْ با، دٍل پیچَه بِگیتَن.
Semnani,Semnani (Iran),Semnani,چیچی بالا؟
Semnani,Semnani (Iran),Semnani,با کاری/ آدَمی خَطٍرناکی دٍکٍچی.
Semnani,Semnani (Iran),Semnani,خُدا مٍزُنِه، خَجَّه.
Semnani,Semnani (Iran),Semnani,اٍسَه اٍنقٍدَن شوخ و شٍنگ بییُن و بٍگو بٍخَند هاکٍردییُن خُوْ نییَه.
Semnani,Semnani (Iran),Semnani,مٍگَه کٍسی تَه دٍنبالَه کٍرچی؟
Semnani,Semnani (Iran),Semnani,گُندُمین نون هَضم کٍردییُن، اییَه آسُنین تٍلَه مٍگی. 
Semnani,Semnani (Iran),Semnani,اٍن خِیلی خَسیسَه.
Semnani,Semnani (Iran),Semnani,تیژَه کاردی، نَرَه وَرِه رَه بییِمیچی.
Semnani,Semnani (Iran),Semnani,خوشتُنَه بَخُوْ، مَرتُمُنَه تُوْن کَه.
Semnani,Semnani (Iran),Semnani,تَه پییِر سُفرَه سَری کیژِه هٍشتَه
Semnani,Semnani (Iran),Semnani,اٍن گوفکی چٍقٍد قَشٍنگییَن.
Semnani,Semnani (Iran),Semnani,شٍما کییَه.
Semnani,Semnani (Iran),Semnani,خُدِه خَری بٍدیچی کو شاخی ژو نَدِچِش.
Semnani,Semnani (Iran),Semnani,مَر بُکُشچِش، مَرَه وَچَه زَندَه واشچِش.
Semnani,Semnani (Iran),Semnani,جَنگٍلی، اُشتُر بٍدیچی.
Semnani,Semnani (Iran),Semnani,زٍمٍستُنی چَش کورَه.
Semnani,Semnani (Iran),Semnani,روئِن بُراق کٍرچی.
Semnani,Semnani (Iran),Semnani,فٍدایی تَه سَری، عِیبی نٍدارِه.
Semnani,Semnani (Iran),Semnani,ژو وٍنییَه چٍقٍدَه پَهنِه، ژو لُوْشِه عَنتٍرین کینین وارییَن.
Semnani,Semnani (Iran),Semnani,اٍنگار کو فیلی کینین پی بٍکٍچی.
Semnani,Semnani (Iran),Semnani,تَه بٍه خُدِه بَفٍرمین دَنین کییَه.
Semnani,Semnani (Iran),Semnani,عَبدَه اٍن کی با؟
Semnani,Semnani (Iran),Semnani,غُلُم با سیاه اَبری بییٍما وُ دُختٍرین بٍبٍردِش بٍه قَصری شاهی پَرییُنی.
Semnani,Semnani (Iran),Semnani,اٍن وٍبَه چٍقٍدَه قَشٍنگِه.
Semnani,Semnani (Iran),Semnani,مٍگَن یَخَه تٍکَه جٍر بَدون.
Semnani,Semnani (Iran),Semnani,گَند بَگٍنِه تَه دٍلَه کارین.
Semnani,Semnani (Iran),Semnani,بَرعَکسی ژو مار کو عاقٍلَه بییَه، او اٍنگار دیوٍنَه‌یَه.
Kurdish,"Kurdish, Southern (Iran)","Kurdish, Southern",دەرەم چەم
Kurdish,"Kurdish, Southern (Iran)","Kurdish, Southern",خەرس ئاوه بۆخۆوەی، ترەکە. (موێلی ڕەزە.)
Kurdish,"Kurdish, Southern (Iran)","Kurdish, Southern",گۆسنمە
Kurdish,"Kurdish, Southern (Iran)","Kurdish, Southern",مە چای نیخۆوم
Kurdish,"Kurdish, Southern (Iran)","Kurdish, Southern",فره خاس بی، ماچ و گیانت، قوربانت بچم
Kurdish,"Kurdish, Southern (Iran)","Kurdish, Southern",ئه‌فتەو و کورە دەرهاتیه؟
Kurdish,"Kurdish, Southern (Iran)","Kurdish, Southern",ئاوه خۆدا داسە لی.
Kurdish,"Kurdish, Southern (Iran)","Kurdish, Southern",چه دۆرۆس کەردیده؟
Kurdish,"Kurdish, Southern (Iran)","Kurdish, Southern",دوتەیل دەرەن چەن
Kurdish,"Kurdish, Southern (Iran)","Kurdish, Southern",دوتەیل داشتن چیان
Kurdish,"Kurdish, Southern (Iran)","Kurdish, Southern",ره‌وانناسه‌گان خاسییه‌یل فره‌ێگ ئه‌ڕاێ گیره‌ کردن شمارینه‌ و گیره‌ کردن ڕێگه‌ێ ئه‌ڕاێ ئازاد بین له‌ ده‌س فشار و ئسترسه‌یل ژیان و تاوشت ژان و خه‌م و خوسه‌ زانستنه‌.
Kurdish,"Kurdish, Southern (Iran)","Kurdish, Southern",او مربا خواردن دری
Kurdish,"Kurdish, Southern (Iran)","Kurdish, Southern",له مدت عمرم ایجو غذایله نخواردمه
Kurdish,"Kurdish, Southern (Iran)","Kurdish, Southern",مناڵەیل و ئات ئەیال چۊنن؟
Kurdish,"Kurdish, Southern (Iran)","Kurdish, Southern",دستان خوش ئەڕا ای کلیپه که پخش کردینه درباری کلاش هرسینی
Kurdish,"Kurdish, Southern (Iran)","Kurdish, Southern",ئاخ و داخ ‌‌ئەڕا میراث باوانمان که بێ پشتگیری که‌تێەسه پراوێز
Kurdish,"Kurdish, Southern (Iran)","Kurdish, Southern",اول باره بیشتریان دیونم
Kurdish,"Kurdish, Southern (Iran)","Kurdish, Southern",ای گیان ئەڕا شارگمان
Kurdish,"Kurdish, Southern (Iran)","Kurdish, Southern",درود فره و ژنیل کورد له سراسر گیتی له کرماشان بگر تا کوردستان.
Kurdish,"Kurdish, Southern (Iran)","Kurdish, Southern",هه‌ر وه‌خت نان کردیاد هاتیاد چڕیاده‌مان. ئیمه‌ مناڵه‌یل گشت وه‌ رزاره‌و نیشتیایمنه‌ شانێ و چه‌وه‌ڕێ وسیایم نانه‌ ساجیه‌گانێ له‌ وه‌رتاوه‌ برشته‌ بکه‌ێد و به‌ێده‌ ده‌سمانه‌و.
Kurdish,"Kurdish, Southern (Iran)","Kurdish, Southern",بەڕدێنو هاوەڕدەن
Kurdish,"Kurdish, Southern (Iran)","Kurdish, Southern",دادۆ هاوار
Kurdish,"Kurdish, Southern (Iran)","Kurdish, Southern",خۆدا نەگادارت
Kurdish,"Kurdish, Southern (Iran)","Kurdish, Southern",ئەگەر خۆدا نێتەوێ، هۆچ بلگیگ و دارو نەکەفێد
Kurdish,"Kurdish, Southern (Iran)","Kurdish, Southern",شاید نەخواردیمە نانە گەنم، وەلی دیمەنە دسە مەردەم
Kurdish,"Kurdish, Southern (Iran)","Kurdish, Southern",ئاوه چه‌س تا ده‌س نەکەیده ناو چاوی، دەم وا نەکەی؟
Kurdish,"Kurdish, Southern (Iran)","Kurdish, Southern",مەگە وە پیت زەنگ نیان؟
Kurdish,"Kurdish, Southern (Iran)","Kurdish, Southern",هاوار
Kurdish,"Kurdish, Southern (Iran)","Kurdish, Southern",شەکەت
Kurdish,"Kurdish, Southern (Iran)","Kurdish, Southern",درچین
Kurdish,"Kurdish, Southern (Iran)","Kurdish, Southern",بۆش چه‌نی قەڕاره خوش بگەزەرێد
Kurdish,"Kurdish, Southern (Iran)","Kurdish, Southern",له‌ئنت و باوگەت
Kurdish,"Kurdish, Southern (Iran)","Kurdish, Southern",هەکەڕەیلە ئیمه چەشتیگ و ئاوانە کەم نەیڕن
Kurdish,"Kurdish, Southern (Iran)","Kurdish, Southern",فره جالبوو بوو
Kurdish,"Kurdish, Southern (Iran)","Kurdish, Southern",فەقەت چاو وه ڕی یەکیگ لە بازیەیلە شیرینەد بوو
Kurdish,"Kurdish, Southern (Iran)","Kurdish, Southern",چاو وه ڕی ئاگەرە تازە بووم
Kurdish,"Kurdish, Southern (Iran)","Kurdish, Southern",یانی کار نەکەید
Kurdish,"Kurdish, Southern (Iran)","Kurdish, Southern",وە ده گەله فەله تشکیلوو بیه، ئەما پانزە ساڵ توول کێشه‌د
Kurdish,"Kurdish, Southern (Iran)","Kurdish, Southern",وە نەزەر تێیەی ئاێمەیل ترَکیش و هواپەیما چەنە لۆگار
Kurdish,"Kurdish, Southern (Iran)","Kurdish, Southern",وە نەزەر تێیەی دۆرۆس کەردنە ئی فڕودگاهه ڕەسەده مەڕیخ
Kurdish,"Kurdish, Southern (Iran)","Kurdish, Southern",دارە میوە، کەرم لە خۆویه
Kurdish,"Kurdish, Southern (Iran)","Kurdish, Southern",درە باخەگه بونی، تا تایی باخ دونی
Kurdish,"Kurdish, Southern (Iran)","Kurdish, Southern",قسە ئەگەر بکەیدە‌ی ناو شیشە، پەخشوو بوود
Kurdish,"Kurdish, Southern (Iran)","Kurdish, Southern",قسە تا ها ناو دڵەت هەنە خۆوده
Kurdish,"Kurdish, Southern (Iran)","Kurdish, Southern",دڵ سەفره نیە ئەڕا هەر کەسیگ پانی بکەید
Kurdish,"Kurdish, Southern (Iran)","Kurdish, Southern",خەرس بسەنە و ئاھەنگەری
Kurdish,"Kurdish, Southern (Iran)","Kurdish, Southern",ئەگەر بایه ئاو لە هاوان بکەید تا بۆکوتی، نەیڵێد بیکاڕوو بوود
Kurdish,"Kurdish, Southern (Iran)","Kurdish, Southern",کور ئەگەر نەچوودا بازاڕ، بازاڕ گه‌نە
Kurdish,"Kurdish, Southern (Iran)","Kurdish, Southern",یه کەرتە ئاخەرە
Kurdish,"Kurdish, Southern (Iran)","Kurdish, Southern",چاکن هەمیشە ها تای چا
Kurdish,"Kurdish, Southern (Iran)","Kurdish, Southern",قەیمەتە ئاو یەی زڕه قەزا نێسبەت وە ئەندازەی فره فره بان بی. وەڵا حەق نەیێو. ساندوێجەگێ هەیولای ژەمبۆن لە حەد یەی منالە غولێگیش نەیێو. ئەصڵنیش مەزه نیاشت. وەڵی ساندوێجە چوریتسو فره خاس بی فره فره خۆشمزه بی
Kurdish,"Kurdish, Southern (Iran)","Kurdish, Southern",لطف بکەین و ئکسەیڵ ئینتەرنتی ئستفادە نەکەین و ئکسە مەحصولە خۆدان بیڵین. ئاخە یه کۆره ئاوا وە کۆره؟ موتەئەسفەم
Kurdish,"Kurdish, Southern (Iran)","Kurdish, Southern",فره خەراو بی (جۆرە ئکسەگێ کە ئاپلۆود بیا)
Kurdish,"Kurdish, Southern (Iran)","Kurdish, Southern",وە جی کێیکە وانیلی کاکاوویی، کێیکە کاکاوویی سادە کل کەردون
Kurdish,"Kurdish, Southern (Iran)","Kurdish, Southern",خۆرشتەگێ مزەی ئاو دیا، گەشتیشی لەپە بی، ئەصلن پێشنهاد نه‌کەم
Kurdish,"Kurdish, Southern (Iran)","Kurdish, Southern",فره خاسو وە موقە، ده‌سەدان دەرد نه‌کەی
Kurdish,"Kurdish, Southern (Iran)","Kurdish, Southern",حەجمە ساندوێجەگێ کۆلن دو کۆتۆو بوو
Kurdish,"Kurdish, Southern (Iran)","Kurdish, Southern",خاس ... فەقەت جی یەی چەنگیریگ خالی بی
Kurdish,"Kurdish, Southern (Iran)","Kurdish, Southern",فره بی نمک بی، بوی گه‌نە گوشتیش دیا
Kurdish,"Kurdish, Southern (Iran)","Kurdish, Southern",ئه‌وەڵ یه کە بوی گه‌نێگ دیاد، دۆوەم یه کە وە گەچەشت خواردیا جز ڕۆست بیف، کە کەفتەمه یادە گوشتە ئاوپزە ناو ئاگوشت، فره خیس بی، نانی خۆشک و بدمزه بی. لطفی بکەین ئەندازەی مایعاتو تاناسوبی ڕۆعایت بکەین، دی بارە ئاخەره وە ئیره سەفارش دەم
Kurdish,"Kurdish, Southern (Iran)","Kurdish, Southern",په ئەڕا نێتیەی؟
Kurdish,"Kurdish, Southern (Iran)","Kurdish, Southern",ئیمەیش تێیەم
Kurdish,"Kurdish, Southern (Iran)","Kurdish, Southern",زوو که
Kurdish,"Kurdish, Southern (Iran)","Kurdish, Southern",په هایده کوو عزیزەکم؟
Kurdish,"Kurdish, Southern (Iran)","Kurdish, Southern",باو بچیم ناهار بخوێم. آی نه، یەی چەشتە گه‌نێگ خواردەمە، دڵەم شیویاسە یەک
Kurdish,"Kurdish, Southern (Iran)","Kurdish, Southern",منو تۆنو حەسەن
Kurdish,"Kurdish, Southern (Iran)","Kurdish, Southern",گۆڵۆ بڵبڵۆ سۆمۆڵ
Kurdish,"Kurdish, Southern (Iran)","Kurdish, Southern",پەنج بە ئەلاوەی چوار بە ئەلاوەی سێ
Kurdish,"Kurdish, Southern (Iran)","Kurdish, Southern",یه په ئەڕا نێتیەی؟
Kurdish,"Kurdish, Southern (Iran)","Kurdish, Southern",کەمەرەم شێکیا
Kurdish,"Kurdish, Southern (Iran)","Kurdish, Southern",ئی کارە ئەقوەره وە فس فس کەردنو دێر جۆمین نیازێ نێرێ
Kurdish,"Kurdish, Southern (Iran)","Kurdish, Southern",یەی دەفعە تەر ئیجو بوود وە گەردی جەنگ کەم
Kurdish,"Kurdish, Southern (Iran)","Kurdish, Southern",ئەقوەره خاس بی، دڵەم شیویاسە وە یەک
Kurdish,"Kurdish, Southern (Iran)","Kurdish, Southern",ئەڕا؟
Kurdish,"Kurdish, Southern (Iran)","Kurdish, Southern",وە گەردە ئاێه‌مە خەتەرناکێگ دەر کەفتیه
Kurdish,"Kurdish, Southern (Iran)","Kurdish, Southern",خۆدا زانێ، خەدیجە.
Kurdish,"Kurdish, Southern (Iran)","Kurdish, Southern",دی ئەقوەرەیش شوخو شێنگ بوون و خه‌نە خه‌نە کەردن خاس نیە
Kurdish,"Kurdish, Southern (Iran)","Kurdish, Southern",مەگە هیشتەنەسه شوونەت؟
Kurdish,"Kurdish, Southern (Iran)","Kurdish, Southern",نانە گەنم ئەڕای هەزم مەدەی فولادی توێ
Kurdish,"Kurdish, Southern (Iran)","Kurdish, Southern",ئی ئاێه‌مە فره ده‌س و شەکە
Kurdish,"Kurdish, Southern (Iran)","Kurdish, Southern",چقوی تیژ، ئەڕای کاوەره‌گه هاتیه
Kurdish,"Kurdish, Southern (Iran)","Kurdish, Southern",ئەڕای خۆوت بخۆوه، ئەڕای مەردەم بکە وه‌ر
Kurdish,"Kurdish, Southern (Iran)","Kurdish, Southern",سەفرەی باوگ ئیوه ها سەرە کوچه
Kurdish,"Kurdish, Southern (Iran)","Kurdish, Southern",ئی گۆڵ‌دەمەیله چه‌نی قەشەنگەن
Kurdish,"Kurdish, Southern (Iran)","Kurdish, Southern",ماڵ ئیوه
Kurdish,"Kurdish, Southern (Iran)","Kurdish, Southern",خۆدا خەره‌گه دی کە شاخ نیاسه پی
Kurdish,"Kurdish, Southern (Iran)","Kurdish, Southern",ئاو طەره‌فە ماره‌گه کوشت، ئەما مناڵ ماره‌گه زەنه هیشت
Kurdish,"Kurdish, Southern (Iran)","Kurdish, Southern",جەنگەلی شوتور دیاس
Kurdish,"Kurdish, Southern (Iran)","Kurdish, Southern",چاو زەمسان کوڕە
Kurdish,"Kurdish, Southern (Iran)","Kurdish, Southern",پەشی‌یه‌گه بۆڕاغ کەردیه
Kurdish,"Kurdish, Southern (Iran)","Kurdish, Southern",خڕە سەرەت. ئەیبیگ نێرێ
Kurdish,"Kurdish, Southern (Iran)","Kurdish, Southern",لوتی چه‌نی سڕە. دەمی مه‌نیده قەنە ئنتەر
Kurdish,"Kurdish, Southern (Iran)","Kurdish, Southern",چۆمانی وە قەنە فیل کەفتیه
Kurdish,"Kurdish, Southern (Iran)","Kurdish, Southern",تۆنو خۆدا باینه ناو ماڵ
Kurdish,"Kurdish, Southern (Iran)","Kurdish, Southern",ئبده یه کی بی؟
Kurdish,"Kurdish, Southern (Iran)","Kurdish, Southern",غلام وەگەردە ئاۆرە سیه هات و دۆت‌گه برد و قەصرە شای پەریان
Kurdish,"Kurdish, Southern (Iran)","Kurdish, Southern",ئی وبه چه‌نی قەشەنگه
Kurdish,"Kurdish, Southern (Iran)","Kurdish, Southern",تۆوام یەخه بدەڕەم
Kurdish,"Kurdish, Southern (Iran)","Kurdish, Southern",گو وە ناو کارەگەت
Kurdish,"Kurdish, Southern (Iran)","Kurdish, Southern",برعەکسە داڵگی کە زانا بی، خۆی وە نەزەر شیته
Central Iran,"Dari, Zoroastrian (Iran)",Yazdi,dāroshe  
Central Iran,"Dari, Zoroastrian (Iran)",Yazdi,khers o ro vakhra traka
Central Iran,"Dari, Zoroastrian (Iran)",Yazdi,vāshnama
Central Iran,"Dari, Zoroastrian (Iran)",Yazdi,me chāyi nakhre
Central Iran,"Dari, Zoroastrian (Iran)",Yazdi,"kheyli khib bo, buch var junod, korbunod be."
Central Iran,"Dari, Zoroastrian (Iran)",Yazdi,tow kovari barem za
Central Iran,"Dari, Zoroastrian (Iran)",Yazdi,mo ji khzāsho koshta
Central Iran,"Dari, Zoroastrian (Iran)",Yazdi,chechi dederese kārta
Central Iran,"Dari, Zoroastrian (Iran)",Yazdi,dotogun dāran shan
Central Iran,"Dari, Zoroastrian (Iran)",Yazdi,dotogun dāshtan shoan
Central Iran,"Dari, Zoroastrian (Iran)",Yazdi,ravānshenāsa kheyli khāsiat māle shakārtvun shnevāta o shakārtvun ro māle prār az feshāre delhora o tahamole dard o gham o ghosa zonan. 
Central Iran,"Dari, Zoroastrian (Iran)",Yazdi,o morabāe khārtvun dāra.
Central Iran,"Dari, Zoroastrian (Iran)",Yazdi,dar tule amrom mobsa chomoei nkhārta
Central Iran,"Dari, Zoroastrian (Iran)",Yazdi,at o ayālod chinan?
Central Iran,"Dari, Zoroastrian (Iran)",Yazdi,dashteto dard nakra māle pakhshe mo kelipe malekiye harsini
Central Iran,"Dari, Zoroastrian (Iran)",Yazdi,ey dādo bidād māle arse sarāmun ge bi poshto panā nanan. 
Central Iran,"Dari, Zoroastrian (Iran)",Yazdi,beshtariyāshun avalin karan gevine
Central Iran,"Dari, Zoroastrian (Iran)",Yazdi,ey jun var shārmo
Central Iran,"Dari, Zoroastrian (Iran)",Yazdi,dorude farāvun be yanune korde sarāsare donyā az karmunshā frānta tā kordestun
Central Iran,"Dari, Zoroastrian (Iran)",Yazdi,hār vakh nun shederese ka vājshamoka. mā vachegun ji hma veche nāshim o chame rāe manim tā nun ri towa breshta vebu omnedāshta
Central Iran,"Dari, Zoroastrian (Iran)",Yazdi,bārtvun o hārtvun
Central Iran,"Dari, Zoroastrian (Iran)",Yazdi,dād o bidād
Central Iran,"Dari, Zoroastrian (Iran)",Yazdi,khzānegadār
Central Iran,"Dari, Zoroastrian (Iran)",Yazdi,agar amre khzā nabo pari az derakh naka
Central Iran,"Dari, Zoroastrian (Iran)",Yazdi,age mo nakhorte nun ganom mnedize dashte mārdom
Central Iran,"Dari, Zoroastrian (Iran)",Yazdi,o che chion tā dashe tu chame foru nakni lope vā nakre
Central Iran,"Dari, Zoroastrian (Iran)",Yazdi,mage zang shu nakoshte
Central Iran,"Dari, Zoroastrian (Iran)",Yazdi,dād
Central Iran,"Dari, Zoroastrian (Iran)",Yazdi,muna
Central Iran,"Dari, Zoroastrian (Iran)",Yazdi,prār
Central Iran,"Dari, Zoroastrian (Iran)",Yazdi,veā chekade khashon
Central Iran,"Dari, Zoroastrian (Iran)",Yazdi,la'nat be sarod
Central Iran,"Dari, Zoroastrian (Iran)",Yazdi,hakerhaye mā az ashki kamtar nahan
Central Iran,"Dari, Zoroastrian (Iran)",Yazdi,kheyli jāleba bo
Central Iran,"Dari, Zoroastrian (Iran)",Yazdi,paghat chame rāe yaki az chmāshoye khashod bo
Central Iran,"Dari, Zoroastrian (Iran)",Yazdi,mā cham be rāye tāzhatarin tash banobim
Central Iran,"Dari, Zoroastrian (Iran)",Yazdi,yani sāt nashut
Central Iran,"Dari, Zoroastrian (Iran)",Yazdi,agerche az datā kāregar sāteshta vali punza sāl tule kashe
Central Iran,"Dari, Zoroastrian (Iran)",Yazdi,be cha merasa ge ādamoye be ji bano khoze havāpeimā be Logere shan
Central Iran,"Dari, Zoroastrian (Iran)",Yazdi,sātvune mo porudgāe rowe shozvun be merikhon
Central Iran,"Dari, Zoroastrian (Iran)",Yazdi,"drākhte miva kerm az khoshon.
"
Central Iran,"Dari, Zoroastrian (Iran)",Yazdi,bare bā ge mudi tā toge bā mnediza.
Central Iran,"Dari, Zoroastrian (Iran)",Yazdi,gap age tu shesha kre bare shu.
Central Iran,"Dari, Zoroastrian (Iran)",Yazdi,gap tā tu dele khoda hokme khoda.
Central Iran,"Dari, Zoroastrian (Iran)",Yazdi,del kho sopra nahon pishe hma pecho kre.
Central Iran,"Dari, Zoroastrian (Iran)",Yazdi,kherso shne āhengeri bāshta.
Central Iran,"Dari, Zoroastrian (Iran)",Yazdi,agə ow she tu yānae veka ge bekuze nahārza bikār be.
Central Iran,"Dari, Zoroastrian (Iran)",Yazdi,kur agə bāzār nashu bāzār gene prāna. 
Central Iran,"Dari, Zoroastrian (Iran)",Yazdi,owde kize ākhera.
Central Iran,"Dari, Zoroastrian (Iran)",Yazdi,chāken hemisha toge chāha.
Central Iran,"Dari, Zoroastrian (Iran)",Yazdi,kimate chom nesbat be hajmosh kheyli kheyli gerunon o ziāti gerunon sāndeviche hayulāye zhāmbon kade vache ghul ji nabo aslosh ji mazash nadārt vali sāndeviche choritso āli o kheyli kheyli khash bo
Central Iran,"Dari, Zoroastrian (Iran)",Yazdi,marhamat vekri o az aksāye interneti estefāde makrid o akse khoe mahsul ro onit ākhe mo koyā o o koyā mota'sefe
Central Iran,"Dari, Zoroastrian (Iran)",Yazdi,kheyli dāghune bzabo
Central Iran,"Dari, Zoroastrian (Iran)",Yazdi,yāge keyke vānili kākāui keyke kākāui sāda shnefta bo
Central Iran,"Dari, Zoroastrian (Iran)",Yazdi,khoreshtosh maze ow shedā o navado panj darsade hajme gheymash lapa bo aslosh chi pishnahād nakre
Central Iran,"Dari, Zoroastrian (Iran)",Yazdi,kheyli āli o be mowqa mamnunam
Central Iran,"Dari, Zoroastrian (Iran)",Yazdi,hajme sāndevichosh aslan nesfa beza
Central Iran,"Dari, Zoroastrian (Iran)",Yazdi,āli ... paghat yāge yaki changāl khāli bo
Central Iran,"Dari, Zoroastrian (Iran)",Yazdi,kheyli kheyli bimnak bo o buze tonde gush shadā
Central Iran,"Dari, Zoroastrian (Iran)",Yazdi,aval moyege buze badish dārt dovom moyege behmachia kha bejoz rostbif juri ge ma she vire gushte ow paze tu diza va kheyli khis bo nune hoshk o badmazeish dārt lotfan tanāsobe māye‘āt ro re‘āyat okri ahtemālan ākharin karatian ke sefāresh az muyete 
Central Iran,"Dari, Zoroastrian (Iran)",Yazdi,pa chera nāye
Central Iran,"Dari, Zoroastrian (Iran)",Yazdi,mā jie tāyim
Central Iran,"Dari, Zoroastrian (Iran)",Yazdi,zibo
Central Iran,"Dari, Zoroastrian (Iran)",Yazdi,koyāyi azize delom
Central Iran,"Dari, Zoroastrian (Iran)",Yazdi,bio beshim chom vakhrim. vāy na ya chome āshghāli mkharta delme gale hama
Central Iran,"Dari, Zoroastrian (Iran)",Yazdi,mao to o Hasan
Central Iran,"Dari, Zoroastrian (Iran)",Yazdi,gulo bolbolo sonbol
Central Iran,"Dari, Zoroastrian (Iran)",Yazdi,panj o chār o se
Central Iran,"Dari, Zoroastrian (Iran)",Yazdi,ākhe cherā nāyi
Central Iran,"Dari, Zoroastrian (Iran)",Yazdi,kmarom az beyn sho
Central Iran,"Dari, Zoroastrian (Iran)",Yazdi,mo kāre ke mokade be pes pes kārtvun o kineham jomnāzvun nadāra
Central Iran,"Dari, Zoroastrian (Iran)",Yazdi,yakarebe mobsare bo khozod davokre
Central Iran,"Dari, Zoroastrian (Iran)",Yazdi,okadi khib bo delpiche prānte
Central Iran,"Dari, Zoroastrian (Iran)",Yazdi,māle chechi
Central Iran,"Dari, Zoroastrian (Iran)",Yazdi,bā ādame khatarnāki barekāpta
Central Iran,"Dari, Zoroastrian (Iran)",Yazdi,khza dāna Khadije
Central Iran,"Dari, Zoroastrian (Iran)",Yazdi,ya mokade ji shukh o shang bozvun begu bekhand kārtvun khib nahon
Central Iran,"Dari, Zoroastrian (Iran)",Yazdi,mage kshomide peya
Central Iran,"Dari, Zoroastrian (Iran)",Yazdi,nune ganom shekame puladi shāvā
Central Iran,"Dari, Zoroastrian (Iran)",Yazdi,mo ādame kheyli gadāon
Central Iran,"Dari, Zoroastrian (Iran)",Yazdi,chaghuye tij māle vereye naron
Central Iran,"Dari, Zoroastrian (Iran)",Yazdi,māle khod vakho māle mārdom var ko
Central Iran,"Dari, Zoroastrian (Iran)",Yazdi,sofre babāt tā sare kion
Central Iran,"Dari, Zoroastrian (Iran)",Yazdi,mi gole chekade jevunan
Central Iran,"Dari, Zoroastrian (Iran)",Yazdi,Kse shmā
Central Iran,"Dari, Zoroastrian (Iran)",Yazdi,khzā kharshe diza o shākhosh nadāda
Central Iran,"Dari, Zoroastrian (Iran)",Yazdi,teraf mārshe khoshta vali vache mārshe zande nāza
Central Iran,"Dari, Zoroastrian (Iran)",Yazdi,jangali oshtorshe diza
Central Iran,"Dari, Zoroastrian (Iran)",Yazdi,chame viāsun kuron
Central Iran,"Dari, Zoroastrian (Iran)",Yazdi,gorbasha borāqe karta
Central Iran,"Dari, Zoroastrian (Iran)",Yazdi,pede sarod yākish nahen
Central Iran,"Dari, Zoroastrian (Iran)",Yazdi,puzosh chekade pechon. loposh rowe poshte antaron.
Central Iran,"Dari, Zoroastrian (Iran)",Yazdi,angār ge az poshte pile kāpta
Central Iran,"Dari, Zoroastrian (Iran)",Yazdi,to ra be khza beparmāyi tu ksa.
Central Iran,"Dari, Zoroastrian (Iran)",Yazdi,Abdo mokebo
Central Iran,"Dari, Zoroastrian (Iran)",Yazdi,gholum khoze awre siā oma o dotog she qasre showe pariun ba
Central Iran,"Dari, Zoroastrian (Iran)",Yazdi,mo vebe chekade khashon
Central Iran,"Dari, Zoroastrian (Iran)",Yazdi,māvā gerivuname teka kre
Central Iran,"Dari, Zoroastrian (Iran)",Yazdi,gand vakhra tu kārod
Central Iran,"Dari, Zoroastrian (Iran)",Yazdi,pechvārim memāsh ke āqel bo khosh mazani divunaon
Persian,Dari (Afghanistan),General,مه میرم
Persian,Dari (Afghanistan),General,خرس که او ره بخوره، میترکه. (موهایش میریزه.)
Persian,Dari (Afghanistan),General,گشنه استم
Persian,Dari (Afghanistan),General,مه چای نمیخورم
Persian,Dari (Afghanistan),General,عالی بود؛ صدقه سرت شوم، قربانت شوم
Persian,Dari (Afghanistan),General,آفتاب از کدام طرف برآمده؟
Persian,Dari (Afghanistan),General,او ره خدا زده
Persian,Dari (Afghanistan),General,چی جور کدی؟
Persian,Dari (Afghanistan),General,دخترا روان استن
Persian,Dari (Afghanistan),General,دخترا میرفتن
Persian,Dari (Afghanistan),General,روانشناسا خاصیت های زیادی ره برای گریه کدن گفتن و گریه کدن ره برای خلاص شدن از فشار استرس و تحمل درد و غم و غصه میدانن.
Persian,Dari (Afghanistan),General,او مربا خوردن داره
Persian,Dari (Afghanistan),General,در تمام عمرم ایطور غذاها نخوردیم
Persian,Dari (Afghanistan),General,فامیل چطور استن؟
Persian,Dari (Afghanistan),General,دست تان درد نکنه برای پخش ای کلیپ درباره گیوه هرسینی
Persian,Dari (Afghanistan),General,ای داد و بیداد برای میراث پدرای ما که بی پشت و پناه ماندن
Persian,Dari (Afghanistan),General,بسیاری شانه بار اول اس که میبینم
Persian,Dari (Afghanistan),General,جانم فدای شهر ما
Persian,Dari (Afghanistan),General,سلام فراوان به زنان کورد سراسر دنیا از کرمانشاه گرفته تا کوردستان
Persian,Dari (Afghanistan),General,هر وقت نان پخته میکرد صدای ما میکرد. ما بچه ها هم کل ما به صف پهلویش میششتیم و چشم به راه میماندیم تا نان روی ساج بریان میشد و به دست ما میداد.
Persian,Dari (Afghanistan),General,بردن و آوردن
Persian,Dari (Afghanistan),General,چیغ و فریاد
Persian,Dari (Afghanistan),General,خدا نگهدار
Persian,Dari (Afghanistan),General,اگه امر حضرت حق نباشه، برگی از درخت نمیفته.
Persian,Dari (Afghanistan),General,اگه نخوردیم نان گندم، اما دیدیم دست مردم
Persian,Dari (Afghanistan),General,او چیست تا دست به چشمش فرو نکنی، دهان باز نمیکنه؟
Persian,Dari (Afghanistan),General,مگه برت زنگ نزدن؟
Persian,Dari (Afghanistan),General,چیغ
Persian,Dari (Afghanistan),General,مانده
Persian,Dari (Afghanistan),General,گریز
Persian,Dari (Afghanistan),General,بگو چقه سرگرم کننده خواهد بود.
Persian,Dari (Afghanistan),General,لعنت بر پدرت
Persian,Dari (Afghanistan),General,هکر های ما هیچ کم از دیگران ندارن.
Persian,Dari (Afghanistan),General,بسیار جالب خواهد بود.
Persian,Dari (Afghanistan),General,فقط منتظر یکی از بازی های شیرینت باش.
Persian,Dari (Afghanistan),General,ما منتظر تازه ترین آتش خواهیم ماند
Persian,Dari (Afghanistan),General,به ای معناست که، ساخته نخواهد شد.
Persian,Dari (Afghanistan),General,با اینکه از ده کارگر تشکیل شده، ۱۵ سال طول میکشه.
Persian,Dari (Afghanistan),General,به نظر میرسه که سایر افراد نیز با طیاره به لوگر خواهند رفت ...
Persian,Dari (Afghanistan),General,ساخت ای میدان هوایی نیز به نظر میرسه مشابه رفتن به مریخ باشه.
Persian,Dari (Afghanistan),General,درخت میوه کرم از خودش است. 
Persian,Dari (Afghanistan),General,بیرون باغ که دیدیم تا انتهای باغ را دیده ایم. 
Persian,Dari (Afghanistan),General,حرف اگر داخل شیشه کنی به بیرون درز خواهد کرد. 
Persian,Dari (Afghanistan),General,حرف تا در دل داری در اختیار تست.
Persian,Dari (Afghanistan),General,دل که سفره نیست پیش همه پهن کنی. 
Persian,Dari (Afghanistan),General,خرس را به آهنگری بسته‌اند.
Persian,Dari (Afghanistan),General,اگر باید آب را در هاون کند که بکوبی نمی‌گذارد بیکار باشی. 
Persian,Dari (Afghanistan),General,
Persian,Dari (Afghanistan),General,
Persian,Dari (Afghanistan),General,آیت کرت آخر است. 
Persian,Dari (Afghanistan),General,چاه کن همیشه ته چاه است. 
Persian,Dari (Afghanistan),General,قیمت غذا مسبت به حجم غذا خیلی خیلی گرون و غیر منصفانه ست ساندویچ هیولای ژامبون در حد بچه غول هم نبود و اصلا هم خوشمزه نبود اما ساندویچ چوریتسو عالی و بسیار بسیار خوشمزه بود
Persian,Dari (Afghanistan),General,لطف کنید از عکس‌های اینترنتی استفاده نکنید و عکس خوده محصولتون رو بزارید. اخه این کجا و اون کجا. متاسفام
Persian,Dari (Afghanistan),General,شدیدا اسیب دیده بود (طبق عکس اپلود شده)
Persian,Dari (Afghanistan),General,به جای کیک وانیلی کاکائویی، کیک کاکائویی ساده ارسال شده بود.
Persian,Dari (Afghanistan),General,خورشتش مزه آب میداد و ٩٥٪‏ حجم قیمش لپه بود: / اصلا پیشنهاد نمیکنم!!:
Persian,Dari (Afghanistan),General,بسیار عالی و به موقع، ممنونم
Persian,Dari (Afghanistan),General,حجم ساندویجش کلا نصف شده!
Persian,Dari (Afghanistan),General,عالی.. فقط جای یه چنگال خالی بود
Persian,Dari (Afghanistan),General,فوق العاده بی نمک بود و بوی تند گوشت میداد
Persian,Dari (Afghanistan),General,اول اینکه بوی بدی داشت دوم اینکه به همه چیز میخور به جز رست بیف جوری که منو یاد گوشت آب پز داخل دیزی انداخت بسیار خیس بود نان خشک و بد مزه‌ای داشت لطفا تناسب مایعات رو رعایت کنید احتمالا آخرین بار هست که سفارش از اینجا میدم
Persian,Dari (Afghanistan),General,پس چرا نمی‌آیی؟
Persian,Dari (Afghanistan),General,ما هم می‌آییم
Persian,Dari (Afghanistan),General,عجله کن
Persian,Dari (Afghanistan),General,پس کجایی عزیزم؟
Persian,Dari (Afghanistan),General,بیا برویم ناهار بخوریم. وای نه، یک چیز آشغال خوردم، دلم به‌هم ریخته.
Persian,Dari (Afghanistan),General,من و تو و حسن
Persian,Dari (Afghanistan),General,گل و بلبل و سنبل
Persian,Dari (Afghanistan),General,۵+۴+۳
Persian,Dari (Afghanistan),General,آخه پس چرا نمی‌آیی؟
Persian,Dari (Afghanistan),General,کمرم داغون شد.
Persian,Dari (Afghanistan),General,این کار که انقدر به فس فس کردن و دیر جنبیدن نیاز ندارد.
Persian,Dari (Afghanistan),General,یک بار دیگر این‌طور بشود، با او دعوا می‌کنم.
Persian,Dari (Afghanistan),General,از بس خوب بود، دل‌پیچه گرفتم.
Persian,Dari (Afghanistan),General,برای چه؟
Persian,Dari (Afghanistan),General,با کار/آدم خطرناک درافتاده.
Persian,Dari (Afghanistan),General,خدا داند، خدیجه.
Persian,Dari (Afghanistan),General,حالا انقدر هم شوخ و شنگ بودن و بگو بخند کردن خوب نیست.
Persian,Dari (Afghanistan),General,مگر کسی دنبالت می‌کند?
Persian,Dari (Afghanistan),General,نان گندم برای هضم به شکم (معده) فولادی نیاز دارد.
Persian,Dari (Afghanistan),General,این شخص خیلی خسیس است.
Persian,Dari (Afghanistan),General,چاقوی تیز، برای بره نر آمده.
Persian,Dari (Afghanistan),General,برای خودت بخور، برای مردم بپوش.
Persian,Dari (Afghanistan),General,دسترخوان پدرت سر کوچه اس.
Persian,Dari (Afghanistan),General,ای شگوفه ها چقه مقبول استن
Persian,Dari (Afghanistan),General,خانه شما
Persian,Dari (Afghanistan),General,خدا خر ره دیده که برش شاخ نداده
Persian,Dari (Afghanistan),General,طرف مار ره کشته، اما بچه مار ره زنده مانده.
Persian,Dari (Afghanistan),General,جنگلی شتر دیده.
Persian,Dari (Afghanistan),General,چشم زمستان کور اس.
Persian,Dari (Afghanistan),General,پیشک ره براق کرده.
Persian,Dari (Afghanistan),General,فدا سرت. پروا نداره.
Persian,Dari (Afghanistan),General,بینیش چقه پهن اس. لباش واری پشت عنتر اس.
Persian,Dari (Afghanistan),General,فکر میکنی از پشت فیل افتاده.
Persian,Dari (Afghanistan),General,تو ره خدا بفرما داخل خانه.
Persian,Dari (Afghanistan),General,عبده ای کی بود؟
Persian,Dari (Afghanistan),General,غلام کتی ابر سیاه آمد و دختر ره به قصر شاه پریان برد.
Persian,Dari (Afghanistan),General,ای وب چقه مقبول اس.
Persian,Dari (Afghanistan),General,میخایم یخن خود ره پاره کنم
Persian,Dari (Afghanistan),General,گند بخوره ده کارت.
Persian,"Persian, Iranian (Iran)",Isfahani,دارم میرم
Persian,"Persian, Iranian (Iran)",Isfahani,اینا خرس بخورد می ترکد (موواش میریزد)
Persian,"Persian, Iranian (Iran)",Isfahani,گُشنِمِس
Persian,"Persian, Iranian (Iran)",Isfahani,من چای نیمی‌خورم
Persian,"Persian, Iranian (Iran)",Isfahani,عالی بود، ماچ به کلِّد، قربوند برم
Persian,"Persian, Iranian (Iran)",Isfahani,آفتاب اِز کودو را دراومده‌س؟
Persian,"Persian, Iranian (Iran)",Isfahani,اینا خدا زِدِه‌سِش
Persian,"Persian, Iranian (Iran)",Isfahani,چی چی ساخته‌ی
Persian,"Persian, Iranian (Iran)",Isfahani,دُخدِرا دارن میرن
Persian,"Persian, Iranian (Iran)",Isfahani,دُخدِرا داشتن میرفتن
Persian,"Persian, Iranian (Iran)",Isfahani,روانشناسا خاصیِتا زیادی را برای گریه‌کردن گفته‌ن آ گریه کردنا برا رها شدن اِز فشاری استرس آ تحملی درد آ غم آ غصه می‌دونن.
Persian,"Persian, Iranian (Iran)",Isfahani,اون مربا خوردن دارِد.
Persian,"Persian, Iranian (Iran)",Isfahani,من کلی زندگیم هنچی غذای نخورده‌م
Persian,"Persian, Iranian (Iran)",Isfahani,اَهدا عیال چیطورن
Persian,"Persian, Iranian (Iran)",Isfahani,دسّدون درد نکوند برا پخشی این کلیپ درباره گیوه هرسینی
Persian,"Persian, Iranian (Iran)",Isfahani,ای دادی بیدا برا میراثی پدرامون که بی‌کِس مونده‌ن
Persian,"Persian, Iranian (Iran)",Isfahani,بیشدرشونا اولین بارس که میبینم
Persian,"Persian, Iranian (Iran)",Isfahani,جون به این شَر
Persian,"Persian, Iranian (Iran)",Isfahani,سلاما درود به زنانی کوردی کلی دنیا از کرمونشا تا کردستان
Persian,"Persian, Iranian (Iran)",Isfahani,هروخ نون می‌پخ صدامون میزد. ما بچا وم همگی به‌صف میشسّیم کنارش آ چش به را می‌موندیم تا نون رو ساج برشته می‌شد آ می‌داد دسِّمون.
Persian,"Persian, Iranian (Iran)",Isfahani,بردن آ آوردن
Persian,"Persian, Iranian (Iran)",Isfahani,قال کردن
Persian,"Persian, Iranian (Iran)",Isfahani,خدافظ
Persian,"Persian, Iranian (Iran)",Isfahani,اگه خدا نخواد بلگ اِز درخ نیمیوفته
Persian,"Persian, Iranian (Iran)",Isfahani,نخوردیم نونی گندم، اما دیدیم دسی مردوم
Persian,"Persian, Iranian (Iran)",Isfahani,اون چیه که تا دس تو چشش نکونی دَنش وا نیمیشِد؟
Persian,"Persian, Iranian (Iran)",Isfahani,مِگه زنگد نزدن؟
Persian,"Persian, Iranian (Iran)",Isfahani,قال کردن
Persian,"Persian, Iranian (Iran)",Isfahani,خسّه وا هلاک
Persian,"Persian, Iranian (Iran)",Isfahani,فِرار
Persian,"Persian, Iranian (Iran)",Isfahani,بوگو بیبینم چقد قراره خوش بگذره
Persian,"Persian, Iranian (Iran)",Isfahani,تف تو قبری آقادا هفت جدد
Persian,"Persian, Iranian (Iran)",Isfahani,هكرامون هیچی از بقیه کم ندارن
Persian,"Persian, Iranian (Iran)",Isfahani,قرارس خیلی خب باشِد
Persian,"Persian, Iranian (Iran)",Isfahani,صبر میکونیم بیبینیم شوما چه ترکه‌ی ترکون میکونین
Persian,"Persian, Iranian (Iran)",Isfahani,برا یه آتیشی نو صبر میکونیم
Persian,"Persian, Iranian (Iran)",Isfahani,یعنی میگن این ساخته نیمیشد
Persian,"Persian, Iranian (Iran)",Isfahani,درسه که ده تا کارگر ساختندش اما پونزه سال طول کشید
Persian,"Persian, Iranian (Iran)",Isfahani,انگار بقیه مردومم با هواپیما میرن لوگار
Persian,"Persian, Iranian (Iran)",Isfahani,ساختنی این فرودگام تا ابد قرارس طول بکشد
Persian,"Persian, Iranian (Iran)",Isfahani,کرم از خودی درخده
Persian,"Persian, Iranian (Iran)",Isfahani,دری باغا که دیدیم انگار تا تَشا دیده‌یم
Persian,"Persian, Iranian (Iran)",Isfahani,حرفا اگه تو شیشه‌م کنی به بیرون درز میکونه
Persian,"Persian, Iranian (Iran)",Isfahani,حرف تا وختی به زبون نیمده‌س مالی توئه
Persian,"Persian, Iranian (Iran)",Isfahani,دل که سفره نیس پیشی هر کس آ ناکسی پَنش کونی
Persian,"Persian, Iranian (Iran)",Isfahani,خرسا بسه‌ن به آهنگری
Persian,"Persian, Iranian (Iran)",Isfahani,شده‌س میگد آبا تو هاون بوکوبی اما نیمی‌ذارد ول بگردی
Persian,"Persian, Iranian (Iran)",Isfahani,کور اگه بازار نَرِد بازار می‌گندِد
Persian,"Persian, Iranian (Iran)",Isfahani,کارد تمومه
Persian,"Persian, Iranian (Iran)",Isfahani,چا کِن همیشه ته چاس
Persian,"Persian, Iranian (Iran)",Isfahani,قیمتی غذا نسبت به حجمی غذا خیلی خیلی گرونه‌س. ساندویچی هیولای ژامبون در حدی بچه غول هم نبود و اصنم خوشمزه نبود اما ساندویچ چوریتسو خب آ خوشمزه بود
Persian,"Persian, Iranian (Iran)",Isfahani,لطفا از عکسا اینترنتی استفاده نکونین آ عکسی خودی محصولدونا بذارین. متاسفم
Persian,"Persian, Iranian (Iran)",Isfahani,اِدِرا وادر شده بود
Persian,"Persian, Iranian (Iran)",Isfahani,جا کیکی وانیلی کاکائویی، کیکی کاکائویی ساده فرساده بودن
Persian,"Persian, Iranian (Iran)",Isfahani,خورشتش طعمی آب میداد آ 95 درصد قیمه‌ش لپه بود :/ اصی پیشنهاد نیمیدم
Persian,"Persian, Iranian (Iran)",Isfahani,خیلی عالی و سری وخ... ممنونم
Persian,"Persian, Iranian (Iran)",Isfahani,حجمی ساندویچش کلا نصف شده‌س
Persian,"Persian, Iranian (Iran)",Isfahani,خب بود... فقط جا یه چنگال خالی بود
Persian,"Persian, Iranian (Iran)",Isfahani,خیلی بی‌نمک بود و بو تندی گوش میداد
Persian,"Persian, Iranian (Iran)",Isfahani,اول اینکه بو لاش میداد دوم اینکه به همه چی میخورد الا رست بیف یه جور که منا یاد گوشتی تو دیزی انداخت خیلی خیس بود نونش خشکا قاقاله‌ی بود لطفا تناسبی مایعاتا رعایت کونین احتمالا این باری آخرس که ازینجا سفارش میدم
Persian,"Persian, Iranian (Iran)",Isfahani,پَ چرا نیمییَیْ؟
Persian,"Persian, Iranian (Iran)",Isfahani,ما وَم میَیم
Persian,"Persian, Iranian (Iran)",Isfahani,دِ جَل باش
Persian,"Persian, Iranian (Iran)",Isfahani,بولونی پَ کوجای پَ؟
Persian,"Persian, Iranian (Iran)",Isfahani,بیا بریم ناهار بخوریم. وای نه یه زا آلاشغال خوردم تو دلم انقلابه.
Persian,"Persian, Iranian (Iran)",Isfahani,منا تو آ حسن
Persian,"Persian, Iranian (Iran)",Isfahani,گلا بلبلا سنبل
Persian,"Persian, Iranian (Iran)",Isfahani,۵ آ ۴ آ ۳
Persian,"Persian, Iranian (Iran)",Isfahani,دِ پَ چرا نیمیای؟
Persian,"Persian, Iranian (Iran)",Isfahani,کمرم شیت شد
Persian,"Persian, Iranian (Iran)",Isfahani,این کار که اینقده فس زدن ندارد که
Persian,"Persian, Iranian (Iran)",Isfahani,اگه یه بار دیگه هنچینکی بشد باش دعوا میکونم
Persian,"Persian, Iranian (Iran)",Isfahani,از بس خب بود دلم پیچ میزند
Persian,"Persian, Iranian (Iran)",Isfahani,برا چی چی؟
Persian,"Persian, Iranian (Iran)",Isfahani,با بد کسی در افتاده‌س
Persian,"Persian, Iranian (Iran)",Isfahani,خدا میدوند خجّه
Persian,"Persian, Iranian (Iran)",Isfahani,یخده سنگین باش... خدا زیادد کونه
Persian,"Persian, Iranian (Iran)",Isfahani,مگه دنبالد گذاشته‌ن
Persian,"Persian, Iranian (Iran)",Isfahani,نونی گندوم برا هضمش شیکمی فولادی میخواد
Persian,"Persian, Iranian (Iran)",Isfahani,آب از دستش نیمیچکه
Persian,"Persian, Iranian (Iran)",Isfahani,هرچی سنگه مالی پا لنگه
Persian,"Persian, Iranian (Iran)",Isfahani,برا خودد بخور، برا مردوم بوپوش
Persian,"Persian, Iranian (Iran)",Isfahani,سفره آقاد سری کوچه‌س
Persian,"Persian, Iranian (Iran)",Isfahani,این شکوفا چندی قشنگن
Persian,"Persian, Iranian (Iran)",Isfahani,خونه شوما
Persian,"Persian, Iranian (Iran)",Isfahani,خدا خرا میشناخ که بش شاخ نداد
Persian,"Persian, Iranian (Iran)",Isfahani,طرف مارا کشته‌س آ بچه‌شا زنده گذاشته‌س
Persian,"Persian, Iranian (Iran)",Isfahani,جنگلی که شتر دیده
Persian,"Persian, Iranian (Iran)",Isfahani,چشی زمسّون کوره
Persian,"Persian, Iranian (Iran)",Isfahani,گربه را جری کرده‌س
Persian,"Persian, Iranian (Iran)",Isfahani,فدا سَرِد. هیشطور نی
Persian,"Persian, Iranian (Iran)",Isfahani,دماغش چندی پَتا پَنه. لباش شکلی پشتی مرغه
Persian,"Persian, Iranian (Iran)",Isfahani,انگار اِز دماغی فیل افتاده‌س
Persian,"Persian, Iranian (Iran)",Isfahani,تو رو خدا بفرماین تو
Persian,"Persian, Iranian (Iran)",Isfahani,عبده این کی بود؟
Persian,"Persian, Iranian (Iran)",Isfahani,غلام با ابری سیا اومِد آ دخدِرا به قصری شا پریون برد
Persian,"Persian, Iranian (Iran)",Isfahani,این وب چندی قشنگس
Persian,"Persian, Iranian (Iran)",Isfahani,می‌خوام یقه‌ما جر بدم
Persian,"Persian, Iranian (Iran)",Isfahani,گند بخورد به کارِد
Persian,"Persian, Iranian (Iran)",Isfahani,برعکسی ننه‌ش که عاقل بود خودش انگار درا دیوونه‌س
Persian,"Persian, Iranian (Iran)",Shirazi,دارم می‌رم
Persian,"Persian, Iranian (Iran)",Shirazi,خرس بخورتش می‌پوکه.
Persian,"Persian, Iranian (Iran)",Shirazi,گشنمه
Persian,"Persian, Iranian (Iran)",Shirazi,من چوی نَمخورم
Persian,"Persian, Iranian (Iran)",Shirazi,عالی بود؛ بوس به جونت، قربونت برم
Persian,"Persian, Iranian (Iran)",Shirazi,امروز کُجُ دس و رومه شسّه بودم؟
Persian,"Persian, Iranian (Iran)",Shirazi,ایره خدا زده
Persian,"Persian, Iranian (Iran)",Shirazi,چی دُرُس کِردی؟
Persian,"Persian, Iranian (Iran)",Shirazi,دخترا دارن می‌رن
Persian,"Persian, Iranian (Iran)",Shirazi,دخترا دُشتن می‌رفتن
Persian,"Persian, Iranian (Iran)",Shirazi,روانشناسا خواص زیادی بری گریه کِردن در اُوردن و گریه کِردنِه بری رها شدن از فشار استرس و تحمل درد و غم و غصه می‌دونن.
Persian,"Persian, Iranian (Iran)",Shirazi,او مربُو خوردن داره
Persian,"Persian, Iranian (Iran)",Shirazi,تو کل عمرُم همچی غذاهوی نخوردم
Persian,"Persian, Iranian (Iran)",Shirazi,خانوم بچّا چیطورن؟
Persian,"Persian, Iranian (Iran)",Shirazi,دسِّتون درد نکنه بری پخش ای کیلیپ دربارِی گیوِی هرسینی
Persian,"Persian, Iranian (Iran)",Shirazi,ای داد و بیداد بری میراث پدرامون که بی پشت و پنا مُندن
Persian,"Persian, Iranian (Iran)",Shirazi,بیشترشونو اولین باره می‌بینم
Persian,"Persian, Iranian (Iran)",Shirazi,ای جونم بری شهرمون
Persian,"Persian, Iranian (Iran)",Shirazi,درود فراوون به زنوی کورد سر تا سر دنیا از کرمونشا گرفته تا کردستان
Persian,"Persian, Iranian (Iran)",Shirazi,هر وقت نون دُرُس می‌کِرد صدامون می‌زد. ما بچّا هم همگی به‌صف کنارش می‌شنسّیم و چشم به را می‌مُندیم تا نون روی توه برشته می‌شد و می‌داد دسّمون.
Persian,"Persian, Iranian (Iran)",Shirazi,بردن و اُوُردن
Persian,"Persian, Iranian (Iran)",Shirazi,داد و بیداد
Persian,"Persian, Iranian (Iran)",Shirazi,خدا نگَدار
Persian,"Persian, Iranian (Iran)",Shirazi,اَی امر حضرت حق نباشه، برگ از درخت نَمیوفته.
Persian,"Persian, Iranian (Iran)",Shirazi,اَی نخوردیم نونِ گندم، ولی دیدیم دسِّ مردم.
Persian,"Persian, Iranian (Iran)",Shirazi,او چیچیه که تا دس تو چیشش نکنی، چیلشه باز نَمی‌کنه؟
Persian,"Persian, Iranian (Iran)",Shirazi,مِی بهت زنگ نزدن؟
Persian,"Persian, Iranian (Iran)",Shirazi,جار
Persian,"Persian, Iranian (Iran)",Shirazi,خسّه
Persian,"Persian, Iranian (Iran)",Shirazi,فرار
Persian,"Persian, Iranian (Iran)",Shirazi,بوگو چقد حال می‌ده
Persian,"Persian, Iranian (Iran)",Shirazi,لعنت به پدرت
Persian,"Persian, Iranian (Iran)",Shirazi,هکروی ما از هکروی دیگه چیزی کم ندارن
Persian,"Persian, Iranian (Iran)",Shirazi,خیلی جالب می‌شه
Persian,"Persian, Iranian (Iran)",Shirazi,فقط وُیسو برِی یکی از بازیوی باحالت
Persian,"Persian, Iranian (Iran)",Shirazi,ما برِی تازه‌ترین آتیش منتظر می‌مونیم
Persian,"Persian, Iranian (Iran)",Shirazi,یَنی ساخته نمی‌شه
Persian,"Persian, Iranian (Iran)",Shirazi,با ایکه دَ تو کارگر داره،‌ پونزَ سال طول می‌کشه
Persian,"Persian, Iranian (Iran)",Shirazi,مِثکه کسوی دیگِیِم با هواپیما به لوگر می‌رن
Persian,"Persian, Iranian (Iran)",Shirazi,ساختن ای فورودگوَم عین رفتن به ماهه
Persian,"Persian, Iranian (Iran)",Shirazi,درخت میوه کرم از خودشه
Persian,"Persian, Iranian (Iran)",Shirazi,بیرون باغُ که دیدیم، انگو تا تَهِ باغُ دیدیم.
Persian,"Persian, Iranian (Iran)",Shirazi,حرفه اَی داخل شیشه کنی به بیرون درز می‌کنه.
Persian,"Persian, Iranian (Iran)",Shirazi,حرف تا وقتی تو دلته اختیارش دسِّته.
Persian,"Persian, Iranian (Iran)",Shirazi,دل که سفره نیس که پیش همه پهنش کنی.
Persian,"Persian, Iranian (Iran)",Shirazi,خرسو به آهنگری بسَّن.
Persian,"Persian, Iranian (Iran)",Shirazi,ای آبُ تو هوَنگ کنه که بوکوبی، نَمی‌ذاره بیکار باشی.
Persian,"Persian, Iranian (Iran)",Shirazi,کور اَی بازار نره بازار می‌گنده.
Persian,"Persian, Iranian (Iran)",Shirazi,آیت کارت آخره.
Persian,"Persian, Iranian (Iran)",Shirazi,چاکَن همیشه تَ چاهه.
Persian,"Persian, Iranian (Iran)",Shirazi,قیمت غذا نسبت به حجم غذا خیلی خیلی گرون و غیرمنصفانه‌ن. ساندویچ هیولُی ژامبون در حد یِی بچه غولی هم نبود و اصلاً هم خوشمزه نبود اما ساندویچ چوریتسو عالی و بسیار بسیار خوشمزه بود.
Persian,"Persian, Iranian (Iran)",Shirazi,لطف کنید از عکسوی اینترنتی استفاده نکنید و عکس خود محصولتونه بذارین. آخه ای کجو و او کجو. متأسفم.
Persian,"Persian, Iranian (Iran)",Shirazi,بدجور آسیب دیده بود (طبق عکس آپلودشده)
Persian,"Persian, Iranian (Iran)",Shirazi,جوی کیک وانیلی کاکائویی، کیک کاکايویی ساده ارسال شده بود.
Persian,"Persian, Iranian (Iran)",Shirazi,خورشش مزِّی آب می‌داد و نود و پنج درصد حجم قیمه‌ش لپّه بود. اصلا پیشناهاد نَمی‌کنم.
Persian,"Persian, Iranian (Iran)",Shirazi,خیلی عالی و به‌موقع. ممنون از شُمو.
Persian,"Persian, Iranian (Iran)",Shirazi,حجم ساندویچش کلاً نصف شده!
Persian,"Persian, Iranian (Iran)",Shirazi,عالی. فقط جوی یِی چنگالی خالی بود.
Persian,"Persian, Iranian (Iran)",Shirazi,فوق‌العاده بی‌نمک بود و بوی تند گوشت می‌داد.
Persian,"Persian, Iranian (Iran)",Shirazi,اول ایکه بوی بدی دُشت دوم ایکه به همه چی می‌خورد به جز رست بیف جوری که منو یاد گوشت آبپز داخل آبگوشت انداخت خیلی خیس بود نون خشک و بدمزه‌ای دُشت لطفاً تناسب مایعاته رعایت کنین احتمالاً آخرین باره که از اینجو سفارش می‌دم.
Persian,"Persian, Iranian (Iran)",Shirazi,پس چرو نَمیوی؟
Persian,"Persian, Iranian (Iran)",Shirazi,ما عَم میویم.
Persian,"Persian, Iranian (Iran)",Shirazi,زودی باش / دس بجمبون
Persian,"Persian, Iranian (Iran)",Shirazi,پس کُجُی عزیزُم؟
Persian,"Persian, Iranian (Iran)",Shirazi,بیو بیریم ناهار بخوریم. وُی نه، یِی چی آشغالی خوردم، دلُم ریخته به هم.
Persian,"Persian, Iranian (Iran)",Shirazi,من و تو و حسن
Persian,"Persian, Iranian (Iran)",Shirazi,گل و بلبل و سمبل
Persian,"Persian, Iranian (Iran)",Shirazi,پنج و چار و سه
Persian,"Persian, Iranian (Iran)",Shirazi,خو پَ چرو نمیوی؟
Persian,"Persian, Iranian (Iran)",Shirazi,کَمَرُم پُکید.
Persian,"Persian, Iranian (Iran)",Shirazi,ای کارو که اقد اُسُم اُسُم کردن نداره که
Persian,"Persian, Iranian (Iran)",Shirazi,یه بار دیگه ایجوری بشه می‌خوابم تو خرش
Persian,"Persian, Iranian (Iran)",Shirazi,از به خوب بود کم‌پیچ گرفتم.
Persian,"Persian, Iranian (Iran)",Shirazi,واسهٔ چی ؟
Persian,"Persian, Iranian (Iran)",Shirazi,ای خودشو با شاخ گاو درانداخته.
Persian,"Persian, Iranian (Iran)",Shirazi,خدا دونه خجیجه
Persian,"Persian, Iranian (Iran)",Shirazi,حالو اقدم بشکن بالو بنداز خوب نی
Persian,"Persian, Iranian (Iran)",Shirazi,می دمبالت گذشتن؟
Persian,"Persian, Iranian (Iran)",Shirazi,نون گندم، کم فولادی می‌خواد.
Persian,"Persian, Iranian (Iran)",Shirazi,ایا نَم تُک پس نمی‌ده
Persian,"Persian, Iranian (Iran)",Shirazi,چاقوی تیز برِی برِیِ نر اومده.
Persian,"Persian, Iranian (Iran)",Shirazi,برِی خودت بخور، برِی مردم بوپوش.
Persian,"Persian, Iranian (Iran)",Shirazi,سُفرِی بابوی شُمو سر کوچه‌ن.
Persian,"Persian, Iranian (Iran)",Shirazi,ای شوکوفه‌ها چه قشنگن.
Persian,"Persian, Iranian (Iran)",Shirazi,خونِی شومو.
Persian,"Persian, Iranian (Iran)",Shirazi,خدا خره دید بهش شاخ نداد
Persian,"Persian, Iranian (Iran)",Shirazi,طرف ماره کشته، بچِی ماره زنده گُذُشته.
Persian,"Persian, Iranian (Iran)",Shirazi,جنگلی شتر دیده.
Persian,"Persian, Iranian (Iran)",Shirazi,چشم زمسّون کوره.
Persian,"Persian, Iranian (Iran)",Shirazi,گربُو ره بُراق کِرده.
Persian,"Persian, Iranian (Iran)",Shirazi,فدوی سرت. عیبی نداره.
Persian,"Persian, Iranian (Iran)",Shirazi,دماغش چقد پَنه. لباش شبی پشت میمونه.
Persian,"Persian, Iranian (Iran)",Shirazi,انگُ اوره خانُم زُیده ما رِ کنیز.
Persian,"Persian, Iranian (Iran)",Shirazi,تور خدا بفرمو تو خونه.
Persian,"Persian, Iranian (Iran)",Shirazi,عبده ای کی بود؟
Persian,"Persian, Iranian (Iran)",Shirazi,غلام با ابر سیا اومد و دختره به قصر شاه پریون برد.
Persian,"Persian, Iranian (Iran)",Shirazi,ای وبو چقد قشنگه.
Persian,"Persian, Iranian (Iran)",Shirazi,می‌خواما یخه‌مه پاره کنم
Persian,"Persian, Iranian (Iran)",Shirazi,گند بخوره به کارت.
Persian,"Persian, Iranian (Iran)",Shirazi,برعکس مادرش که عاقل بود خودش انگو دیونن.
Persian,Hazaragi (Afghanistan),Hazaragi,دَرَو موروم
Persian,Hazaragi (Afghanistan),Hazaragi,اگه خرس او ره بُخوره، میترقه. (مویای‌شی می‌ریزه).
Persian,Hazaragi (Afghanistan),Hazaragi,گُشنه یوم
Persian,Hazaragi (Afghanistan),Hazaragi,مه چای نمی‌خورُم
Persian,Hazaragi (Afghanistan),Hazaragi,کلو خوب بود؛ بوسه به جانِت، بلیبور تو شوم.
Persian,Hazaragi (Afghanistan),Hazaragi,آفتو از کُدُم طرف بور شده؟
Persian,Hazaragi (Afghanistan),Hazaragi,خدا او ره زده.
Persian,Hazaragi (Afghanistan),Hazaragi,چی جور کدی
Persian,Hazaragi (Afghanistan),Hazaragi,دخترو درو موره
Persian,Hazaragi (Afghanistan),Hazaragi,دخترو درو مورفت
Persian,Hazaragi (Afghanistan),Hazaragi,روان‌شناسا خاصیتای زیاد برای چُغرا  کدو گفته و چُغرا  کدو ره باعث خلاص‌شدن از فشار استرس و تحمل درد و غم و غصه میدنه.
Persian,Hazaragi (Afghanistan),Hazaragi,اونو مربا از خوردو استه
Persian,Hazaragi (Afghanistan),Hazaragi,ای رقم نان د عمر خو نخورده بودم
Persian,Hazaragi (Afghanistan),Hazaragi,خانواده پگ خوبه؟
Persian,Hazaragi (Afghanistan),Hazaragi,خیر بنگری از خاطری که ای ویدیو از گیوه هرسینی ره د از مه نشو دادی
Persian,Hazaragi (Afghanistan),Hazaragi,ای خاک عالم د سر مو، بلده میراث بابه‌های مو که بی پشت و پناه منده
Persian,Hazaragi (Afghanistan),Hazaragi,زیادتر شی ره بار اول استه که مینگرم
Persian,Hazaragi (Afghanistan),Hazaragi,جان بلده همی شار خودون مو
Persian,Hazaragi (Afghanistan),Hazaragi,سلام خیلی زیاد به خاتون‌های کورد از کرمانشاه تا کوردستان
Persian,Hazaragi (Afghanistan),Hazaragi,هر وقت نان تیار میکد، موره صدا میزد. مو بچکیچا پگ مو در یک صف پهلوی شی میشیتی، و چشم د راه مو ماندی. تا که نان روی ساج تیار موشد باز موره میداد.
Persian,Hazaragi (Afghanistan),Hazaragi,بردو اوردو
Persian,Hazaragi (Afghanistan),Hazaragi,جیغ بنا
Persian,Hazaragi (Afghanistan),Hazaragi,بامان خدا
Persian,Hazaragi (Afghanistan),Hazaragi,تا خواسته خدا نبشه، اید کار نموشه.
Persian,Hazaragi (Afghanistan),Hazaragi,اگه نان گندم نخوردیم، د دست مردما اوقس دیدیم
Persian,Hazaragi (Afghanistan),Hazaragi,او چیزه تا دست د چشم شی درو نکنی، دان خوره واز نمونه
Persian,Hazaragi (Afghanistan),Hazaragi,دزتو اد زنگ نزد؟
Persian,Hazaragi (Afghanistan),Hazaragi,جیغ
Persian,Hazaragi (Afghanistan),Hazaragi,منده
Persian,Hazaragi (Afghanistan),Hazaragi,دوتا
Persian,Hazaragi (Afghanistan),Hazaragi,بلده مه بگو چقس سات تیر خاد شد.
Persian,Hazaragi (Afghanistan),Hazaragi,بر پدرت نالت
Persian,Hazaragi (Afghanistan),Hazaragi,هکرای مو از دیگا  کم ندره.
Persian,Hazaragi (Afghanistan),Hazaragi,کلو جالب خاد بود.
Persian,Hazaragi (Afghanistan),Hazaragi,فقط ماتل یک بازی خب کاکه خو باش.
Persian,Hazaragi (Afghanistan),Hazaragi,مو ماتل آتیش تازه مومنیم.
Persian,Hazaragi (Afghanistan),Hazaragi,منظور که جور نموشه.
Persian,Hazaragi (Afghanistan),Hazaragi,با ایکه ده نفر کارگر استه، امو کار تا 15 سال تامو نموشه.
Persian,Hazaragi (Afghanistan),Hazaragi,د شان مه دیگا ام قد امزی طیاره لوگر موره.
Persian,Hazaragi (Afghanistan),Hazaragi,جور کدون ازی میدان هوایی هم رقم مریخ رافتو واری معلوم موشه.
Persian,Hazaragi (Afghanistan),Hazaragi,کریم درخت میوه از خودشیه.
Persian,Hazaragi (Afghanistan),Hazaragi,برون باغه که دیدی درون شیره هم دیدی
Persian,Hazaragi (Afghanistan),Hazaragi,توره ره اگه منه شیشه هم کنی بازم بور موشه
Persian,Hazaragi (Afghanistan),Hazaragi,توره تا د دیل تو بشه اختیارشی دست خودتویه
Persian,Hazaragi (Afghanistan),Hazaragi,دیل دسترخو نیه که پیش پَگ واز کنی.
Persian,Hazaragi (Afghanistan),Hazaragi,خرسه ره د آهنگری بسته کدن.
Persian,Hazaragi (Afghanistan),Hazaragi,اگه او د اونگ بکویی بزم بیکار نمومنی
Persian,Hazaragi (Afghanistan),Hazaragi,کور اگه د بازار نره بازار گنده موشه.
Persian,Hazaragi (Afghanistan),Hazaragi,از تو خلاصه.
Persian,Hazaragi (Afghanistan),Hazaragi,چاه کن جای شی د چایه.
Persian,Hazaragi (Afghanistan),Hazaragi,قیمت ای غذا نسبت د مقدار ازی غذا، کلو قیمت استه و راه خدا هم نیه. او ساندویچ هیولای ژامبون قدر یک چوچه غول هم نبود. هیچ مزه دار هم نبود. مگم اونو ساندویچ جوریتسو کلو مزه دار بود.
Persian,Hazaragi (Afghanistan),Hazaragi,خاهش مونوم از عکس انترنتی نیلید، عکس خود همو محصول خوره بیلید. سیکو ای کجا و او کجا.
Persian,Hazaragi (Afghanistan),Hazaragi,بد رقم اوگار شودود.
Persian,Hazaragi (Afghanistan),Hazaragi,د جای کیک وانیلی کیک دیگه ریی کده بود.
Persian,Hazaragi (Afghanistan),Hazaragi,قورمه شی اومزه بود و پک شی دال بود. اِد نخور.
Persian,Hazaragi (Afghanistan),Hazaragi,عجب خوب سر وقت، خیر بینگری
Persian,Hazaragi (Afghanistan),Hazaragi,ساندویچ‌شی بیخی نیسپه شده!
Persian,Hazaragi (Afghanistan),Hazaragi,عجب، پقط جای همو پنجه کم بود
Persian,Hazaragi (Afghanistan),Hazaragi,بیخی بی نماک بود، و بوی تند گوشت میدد
Persian,Hazaragi (Afghanistan),Hazaragi,اول ایکه بوی بد میداد، دوم ایکه هر چیز موخورد بغیر رست بیف، که مره یاد گوشت آو جوشک داخل دیزی مینداخت. خیلی تر بود، نان هم خشک و بد مزه بود، از خیر خود همی نسبت مایعات ای ره رعایت کنید. شاید دفعه آخر بشه که از اینجی سفارش میدم
Persian,Hazaragi (Afghanistan),Hazaragi,بچی نمییی؟
Persian,Hazaragi (Afghanistan),Hazaragi,مو ام میاییم
Persian,Hazaragi (Afghanistan),Hazaragi,زود شو
Persian,Hazaragi (Afghanistan),Hazaragi,کجایی الی جو؟
Persian,Hazaragi (Afghanistan),Hazaragi,بیه بوری نان چاشت بخوری، اوو نه، یک چیز بد خوردم، بیخی دل مره بد کده.
Persian,Hazaragi (Afghanistan),Hazaragi,ما و تو و حسن
Persian,Hazaragi (Afghanistan),Hazaragi,گل و بلبل و سنبل
Persian,Hazaragi (Afghanistan),Hazaragi,۵+۴+۳
Persian,Hazaragi (Afghanistan),Hazaragi,بچی نمییی؟
Persian,Hazaragi (Afghanistan),Hazaragi,کمر مه اوگار شد.
Persian,Hazaragi (Afghanistan),Hazaragi,امی کار اوقس د جول جول شدو بند نیه.
Persian,Hazaragi (Afghanistan),Hazaragi,اگه بَسه ایرقم شونه، جنگ مونوم.
Persian,Hazaragi (Afghanistan),Hazaragi,از بس خوب بود، شکم درد شدم.
Persian,Hazaragi (Afghanistan),Hazaragi,بچی؟
Persian,Hazaragi (Afghanistan),Hazaragi,قَد بد نفر اوج شده.
Persian,Hazaragi (Afghanistan),Hazaragi,خدا پای موفته خدیجه.
Persian,Hazaragi (Afghanistan),Hazaragi,ایقس ایله خندی هم خوب نیه.
Persian,Hazaragi (Afghanistan),Hazaragi,کی توره پیش کده؟
Persian,Hazaragi (Afghanistan),Hazaragi,نان گندم کوره ماکم طلب دره.
Persian,Hazaragi (Afghanistan),Hazaragi,ای نفر خیلی گوشنه یه.
Persian,Hazaragi (Afghanistan),Hazaragi,چاقوی تیز بَلده بره نر است.
Persian,Hazaragi (Afghanistan),Hazaragi,بَلده خود خو بُخور، بَلده دیگا بپوش.
Persian,Hazaragi (Afghanistan),Hazaragi,دسترخوان بابه شمو سر کوچه یه.
Persian,Hazaragi (Afghanistan),Hazaragi,ای گلا چیقس کاکه یه.
Persian,Hazaragi (Afghanistan),Hazaragi,خانه از شمو
Persian,Hazaragi (Afghanistan),Hazaragi,خدا خره اوش کده که شاخ ندده
Persian,Hazaragi (Afghanistan),Hazaragi,مار ره کوشته، چوچه‌شی ره نه.
Persian,Hazaragi (Afghanistan),Hazaragi,جنگلی شتر دیده.
Persian,Hazaragi (Afghanistan),Hazaragi,زمستونی کور.
Persian,Hazaragi (Afghanistan),Hazaragi,پیشکه خوب سوتره  کده.
Persian,Hazaragi (Afghanistan),Hazaragi,صدقه سرتو، خیره.
Persian,Hazaragi (Afghanistan),Hazaragi,بینی‌شی چیقس غوده، لب‌شی رقم‌شی اشتر وری.
Persian,Hazaragi (Afghanistan),Hazaragi,فقط بوگی از پشت فیل اوفتده.
Persian,Hazaragi (Afghanistan),Hazaragi,توره د خدا بیه منه خانه.
Persian,Hazaragi (Afghanistan),Hazaragi,عبده ای کی بود؟
Persian,Hazaragi (Afghanistan),Hazaragi,غلام با  آور سیاه آماد پری ره د قصر برد.
Persian,Hazaragi (Afghanistan),Hazaragi,ای وب چقه قشنگه.
Persian,Hazaragi (Afghanistan),Hazaragi,دلم موشه جاغه خو پاره کنم
Persian,Hazaragi (Afghanistan),Hazaragi,کارتو خراب شونه.
Persian,Hazaragi (Afghanistan),Hazaragi,برعکس ازیکه آبه شی هوشیار بود خودش دیونه بود.
Persian,"Persian, Iranian (Iran)",Yazdi,درم مرم
Persian,"Persian, Iranian (Iran)",Yazdi,موهاش میریزه
Persian,"Persian, Iranian (Iran)",Yazdi,گشنمه
Persian,"Persian, Iranian (Iran)",Yazdi,من چایی نمیخورم
Persian,"Persian, Iranian (Iran)",Yazdi,عالی بود ماچ تو جونت
Persian,"Persian, Iranian (Iran)",Yazdi,افتو از کدورا درومدا
Persian,"Persian, Iranian (Iran)",Yazdi,خودا زدتش
Persian,"Persian, Iranian (Iran)",Yazdi,چشی درست کردی
Persian,"Persian, Iranian (Iran)",Yazdi,دخترادارن مرن
Persian,"Persian, Iranian (Iran)",Yazdi,دختروکا داشتن مرفتن
Persian,"Persian, Iranian (Iran)",Yazdi,روانشناسا خاصیت زیادی برای گریه کردن اسم  بردن و گریه کردن رو برای خلاص شدن از فشار، استرس و تحمل درد و غم و غصه مدونن.
Persian,"Persian, Iranian (Iran)",Yazdi,اون مرب خوردن دارَ
Persian,"Persian, Iranian (Iran)",Yazdi,تو مدت عمروم اینتر غذایی نخوردوم
Persian,"Persian, Iranian (Iran)",Yazdi,اتو عیال چطرن
Persian,"Persian, Iranian (Iran)",Yazdi,دستتون بابت پخش
Persian,"Persian, Iranian (Iran)",Yazdi,ای داد بیداد برا میراث پییرامون که بی پشت وپناه موندن
Persian,"Persian, Iranian (Iran)",Yazdi,بیشترشون برا اولین بارهه می بینمشون
Persian,"Persian, Iranian (Iran)",Yazdi,ای جون برای شهرمون
Persian,"Persian, Iranian (Iran)",Yazdi,درود فراوون به زنای کورد  سرتاسر دنیا ازکرمونشاه گرفته تا کوردستون
Persian,"Persian, Iranian (Iran)",Yazdi,هروقت نون درست مکرد صدامون مزد مابچگاه هم همگی به صف کنارش مشستم
Persian,"Persian, Iranian (Iran)",Yazdi,بردن واوردن
Persian,"Persian, Iranian (Iran)",Yazdi,دادوبیداد
Persian,"Persian, Iranian (Iran)",Yazdi,خدا نگردار
Persian,"Persian, Iranian (Iran)",Yazdi,اگر خواست خدا نباشد برگی ازدرخت نمیوفتد
Persian,"Persian, Iranian (Iran)",Yazdi,اگر نخوردم نون گندم  اما دیدم دست مردم
Persian,"Persian, Iranian (Iran)",Yazdi,ذون چشی هست تا دست به چشش فرونکنی دهن بازنموکنه
Persian,"Persian, Iranian (Iran)",Yazdi,مگه بشت زنگ نزدن
Persian,"Persian, Iranian (Iran)",Yazdi,داد 
Persian,"Persian, Iranian (Iran)",Yazdi,خسته
Persian,"Persian, Iranian (Iran)",Yazdi,فرار
Persian,"Persian, Iranian (Iran)",Yazdi,
Persian,"Persian, Iranian (Iran)",Yazdi,
Persian,"Persian, Iranian (Iran)",Yazdi,
Persian,"Persian, Iranian (Iran)",Yazdi,
Persian,"Persian, Iranian (Iran)",Yazdi,
Persian,"Persian, Iranian (Iran)",Yazdi,
Persian,"Persian, Iranian (Iran)",Yazdi,
Persian,"Persian, Iranian (Iran)",Yazdi,
Persian,"Persian, Iranian (Iran)",Yazdi,
Persian,"Persian, Iranian (Iran)",Yazdi,
Persian,"Persian, Iranian (Iran)",Yazdi,درست میوه کرم ازخودشه 
Persian,"Persian, Iranian (Iran)",Yazdi,بیرون باغ که دیدم انکارتا اخرباغ دیده
Persian,"Persian, Iranian (Iran)",Yazdi,گف اگر داخل شیشه نکنی اخرش میادبیرون شیشه
Persian,"Persian, Iranian (Iran)",Yazdi,گف تاوقت تودلت نگه داشتی پیش خودته 
Persian,"Persian, Iranian (Iran)",Yazdi,دل که سفره نیست پیش هرکسی پهن کنی
Persian,"Persian, Iranian (Iran)",Yazdi,خرس پیش اهنگر بستن
Persian,"Persian, Iranian (Iran)",Yazdi,اگر باسی آب درهاون کنه بکوبی نمزاره بیکارباشی
Persian,"Persian, Iranian (Iran)",Yazdi,ادم گور اگر بازارنره بازار گنده مشه
Persian,"Persian, Iranian (Iran)",Yazdi,اووت کرت اخره
Persian,"Persian, Iranian (Iran)",Yazdi,چاه کن همیشه ته چاه هه
Persian,"Persian, Iranian (Iran)",Yazdi,قسمت غذا نسبت به اندازش خیلی خیلی گیرون وغیرمنصفانه هه.ساندویچ هیولای گوشت درحد بچه غول هم نبود واصلاه هم 
Persian,"Persian, Iranian (Iran)",Yazdi,لطف کنید ازعکسای اینترنتی استفاده نکند وعکس خودتون ومحصولاتتون بزارد
Persian,"Persian, Iranian (Iran)",Yazdi,شدیدا اسیب دیده بود
Persian,"Persian, Iranian (Iran)",Yazdi,به جای کیک وانیلی کاکائوئی کیک کاکائوئی ساده فرستاده بود
Persian,"Persian, Iranian (Iran)",Yazdi,خورشش مزه آب مداد و95 درصدشنصفش لپ بود واصلا پیشنهادنموکنم
Persian,"Persian, Iranian (Iran)",Yazdi,بسیار عالی وبه موقع .ممنونم
Persian,"Persian, Iranian (Iran)",Yazdi,اندازه ساندویچش نصف شده
Persian,"Persian, Iranian (Iran)",Yazdi,عالی فقط جای چنگال خالیل بود
Persian,"Persian, Iranian (Iran)",Yazdi,بسیار بی نمک بود وبوی  بند گوشت مداد
Persian,"Persian, Iranian (Iran)",Yazdi,اول اینکه بوی بدی داشت  دویوم  اینکه به همه چیزموخورد  الا رست بیف  حور که یادمو گوشت اب پز منداخت 
Persian,"Persian, Iranian (Iran)",Yazdi,پس چرا نمییایی
Persian,"Persian, Iranian (Iran)",Yazdi,ما هم میایم
Persian,"Persian, Iranian (Iran)",Yazdi,عجله کن
Persian,"Persian, Iranian (Iran)",Yazdi,پس کچایی عزیزم
Persian,"Persian, Iranian (Iran)",Yazdi,بیا برم نهار بخورم  وای نه یک پیز اشغال خودرم  دلموم به هم رخته 
Persian,"Persian, Iranian (Iran)",Yazdi,من وتو حسن
Persian,"Persian, Iranian (Iran)",Yazdi,گل وبلبل وسنبل
Persian,"Persian, Iranian (Iran)",Yazdi,سه چهار پنچ
Persian,"Persian, Iranian (Iran)",Yazdi,اخه پرا نمیایی
Persian,"Persian, Iranian (Iran)",Yazdi,کمروم داغون شده 
Persian,"Persian, Iranian (Iran)",Yazdi,این کار که اقدر به فس فس کردن ودیر چنبیدن نیاز نداره
Persian,"Persian, Iranian (Iran)",Yazdi,یباردیه  این طور بشه باشش دعوا موکنم
Persian,"Persian, Iranian (Iran)",Yazdi,ازبس خوب بود دل پیچه گرفتم
Persian,"Persian, Iranian (Iran)",Yazdi,برای پی شی
Persian,"Persian, Iranian (Iran)",Yazdi,با کار آدم خطرناک درافتاده 
Persian,"Persian, Iranian (Iran)",Yazdi,خدا میدونه خدیچه
Persian,"Persian, Iranian (Iran)",Yazdi,حالا اقدرهم شوخ وشنگ بودن وبکو بخندکردن خوب نیس
Persian,"Persian, Iranian (Iran)",Yazdi,مگر کسی دنبال موکنه
Persian,"Persian, Iranian (Iran)",Yazdi,نون گندم برای هضم شدن به شکم فولادی نیازداره
Persian,"Persian, Iranian (Iran)",Yazdi,این ادم خیلی خسیسه
Persian,"Persian, Iranian (Iran)",Yazdi,چاقوی برای بره نر آماده است
Persian,"Persian, Iranian (Iran)",Yazdi,برای خودت بخور وبرای مردم بیپوش
Persian,"Persian, Iranian (Iran)",Yazdi,سفره بابای شما سرکوچه هست
Persian,"Persian, Iranian (Iran)",Yazdi,این شکوفه های چقدر زیبا هستن
Persian,"Persian, Iranian (Iran)",Yazdi,خانه شما
Persian,"Persian, Iranian (Iran)",Yazdi,خدا خردیده که شاخش نداده 
Persian,"Persian, Iranian (Iran)",Yazdi,طرف ماررا گشته  اما بپه ماررا زنده هشته
Persian,"Persian, Iranian (Iran)",Yazdi,جنگلی که شتر دیده 
Persian,"Persian, Iranian (Iran)",Yazdi,چش زمستون کور هه
Persian,"Persian, Iranian (Iran)",Yazdi,کربه را براق کرده
Persian,"Persian, Iranian (Iran)",Yazdi,قدای سرت عیبی نداره
Persian,"Persian, Iranian (Iran)",Yazdi,دماعش چقدر پهنه  لباشم مثل پشت عنتر ممونه
Persian,"Persian, Iranian (Iran)",Yazdi,انگار ازپشت فیل افتیده
Persian,"Persian, Iranian (Iran)",Yazdi,تورا خدا بفرمایید داخل خونه 
Persian,"Persian, Iranian (Iran)",Yazdi,عبده این کی بود
Persian,"Persian, Iranian (Iran)",Yazdi,غلام با ابرسیاه امد ودختر را به قصر شاه پریون برد
Persian,"Persian, Iranian (Iran)",Yazdi,این وب پقدرقشنگه
Persian,"Persian, Iranian (Iran)",Yazdi,موخوم یققم پاره کنوم
Persian,"Persian, Iranian (Iran)",Yazdi,گنه بخوربه این کارت
Persian,"Persian, Iranian (Iran)",Yazdi,برعکس مادرش که عاقله خودش انکار دیونه
Pashto,"Pashto, Central (Pakistan)",General,زه ځم۔
Pashto,"Pashto, Central (Pakistan)",General,ریچھ دا خوري، دا چویږي۔ (د دې ویښتان غورځیږي۔)
Pashto,"Pashto, Central (Pakistan)",General,زه لوږه یم۔
Pashto,"Pashto, Central (Pakistan)",General,زه چای نه څښم۔
Pashto,"Pashto, Central (Pakistan)",General,دا ډېر ښکلی و؛ ستا په روح باندې یو ښکل، ایا زه ستا شم؟
Pashto,"Pashto, Central (Pakistan)",General,لمر له کومه لوري راوتلی دی؟
Pashto,"Pashto, Central (Pakistan)",General,خدای پرې وهلی دی۔
Pashto,"Pashto, Central (Pakistan)",General,تا څه وکړل؟
Pashto,"Pashto, Central (Pakistan)",General,نجونې ځي۔
Pashto,"Pashto, Central (Pakistan)",General,نجونې تللې۔
Pashto,"Pashto, Central (Pakistan)",General,ارواپوهانو د ژړا ډېر ځانګړتیاوې پیژندلي دي او دا د فشار لرې کولو، درد زغملو او د خپګان او غمونو سره مخ کیدو یوه لاره ګڼي۔
Pashto,"Pashto, Central (Pakistan)",General,هغه جام د خوړلو وړ دی۔
Pashto,"Pashto, Central (Pakistan)",General,ما په خپل ژوند کې هیڅکله دا ډول خواړه نه دي خوړلي۔
Pashto,"Pashto, Central (Pakistan)",General,کورنۍ څنګه ده؟
Pashto,"Pashto, Central (Pakistan)",General,مننه چې د حریسني غیوا په اړه دا کلیپ شریک کړې۔
Pashto,"Pashto, Central (Pakistan)",General,اې د نیکونو میراث لپاره چیغې چې بې ملاتړ پرېښودل شوی دی۔
Pashto,"Pashto, Central (Pakistan)",General,دا لومړی ځل دی چې زه یې ډېری ګورم۔
Pashto,"Pashto, Central (Pakistan)",General,اې ګرانه، زموږ د ښار لپاره۔
Pashto,"Pashto, Central (Pakistan)",General,له کرمانشاه نه تر کردستانه پورې د نړۍ ټولو کردو مېرمنو ته ګرم سلامونه۔
Pashto,"Pashto, Central (Pakistan)",General,کله چې به یې ډوډۍ جوړوله، موږ به یې راوبلل. موږ ماشومان به یې په لیکه کې ناست وو او سترګې به مو په ډوډۍ وې تر څو چې توے ته یې نه وه اچولې او موږ ته یې نه وه ورکړې۔
Pashto,"Pashto, Central (Pakistan)",General,اړول او راوړل
Pashto,"Pashto, Central (Pakistan)",General,چیغې وهل
Pashto,"Pashto, Central (Pakistan)",General,خدای په امان
Pashto,"Pashto, Central (Pakistan)",General,که د خدای مرضي نه وي نو د ونې نه یوه پاڼه هم نه غورځیږي۔
Pashto,"Pashto, Central (Pakistan)",General,که موږ د غنمو ډوډۍ نه وه خوړلې نو ما د خلکو په لاسونو کې ډوډۍ ولیده۔
Pashto,"Pashto, Central (Pakistan)",General,دا څه شی دی چې تر څو چې په سترګه کې لاس مه اچوې خوله نه خلاصوي؟
Pashto,"Pashto, Central (Pakistan)",General,تا ته یې نه و بللي؟
Pashto,"Pashto, Central (Pakistan)",General,چیغه
Pashto,"Pashto, Central (Pakistan)",General,ستړی
Pashto,"Pashto, Central (Pakistan)",General,تښتیدل
Pashto,"Pashto, Central (Pakistan)",General,ما ته ووایه چې څومره به مزې کیږي
Pashto,"Pashto, Central (Pakistan)",General,ستا پلار ته لعنت
Pashto,"Pashto, Central (Pakistan)",General,زموږ هیکرز له چا کم نه دي
Pashto,"Pashto, Central (Pakistan)",General,دا به ډېر په زړه پورې وي
Pashto,"Pashto, Central (Pakistan)",General,یوازې د خپل خوږ لوبې انتظار وکړه
Pashto,"Pashto, Central (Pakistan)",General,موږ به د تازه اور انتظار کوو
Pashto,"Pashto, Central (Pakistan)",General,یعني دا به نه جوړیږي
Pashto,"Pashto, Central (Pakistan)",General,که څه هم دا د لسو کارګرانو نه جوړیږي بیا هم ۱۵ کاله لګیږي
Pashto,"Pashto, Central (Pakistan)",General,دا سی ښکاري چې نور خلك به هم په لوگر جهاز کې ځي
Pashto,"Pashto, Central (Pakistan)",General,دا دې ایئرپورټ جوړول د مریخ ته تلل په شان لګي
Pashto,"Pashto, Central (Pakistan)",General,د کیڑې د میوې ونه له ځانه راځي۔
Pashto,"Pashto, Central (Pakistan)",General,کله چې مو باغ نه بهر وګورو، مو ترا د باغ کنارې مېږي۔
Pashto,"Pashto, Central (Pakistan)",General,که تاسو دا لفظ په یوه لوښي کې واچوئ، نو دا به لېک شي۔
Pashto,"Pashto, Central (Pakistan)",General,هغه خط چې تاسو يې په زړه کې لرئ، ستاسو په کنټرول کې دی۔
Pashto,"Pashto, Central (Pakistan)",General,زړه میز نه دی چې د هر چا مخې ته یې خپور کړې
Pashto,"Pashto, Central (Pakistan)",General,ریچھ لوہار سره بند شوی دی۔
Pashto,"Pashto, Central (Pakistan)",General,که پانی پیسول په کړل کې پکار وي نو بې کاره نه پرېږدي
Pashto,"Pashto, Central (Pakistan)",General,که ړوند بازار ته لاړ نه شي نو بازار سړېږي
Pashto,"Pashto, Central (Pakistan)",General,تم ختم یې / ستا کار تمام شو
Pashto,"Pashto, Central (Pakistan)",General,کیندونکی تل د کندې په تل کې وي
Pashto,"Pashto, Central (Pakistan)",General,د خوړو بیه ډېره ګرانه او ناعادلانه ده په مقابل کې د مقدار
Pashto,"Pashto, Central (Pakistan)",General,براہ مہربانی انٹرنیٹ عکسونه مه کاروئ او خپل اصلي شی عکس اپ لوڈ کړئ...
Pashto,"Pashto, Central (Pakistan)",General,سخت زخمي شوی و (اپ لوڈ شوي عکس له مخې)
Pashto,"Pashto, Central (Pakistan)",General,د وینیلا کوکو کیک پر ځای ساده کوکو کیک لیږل شوی و
Pashto,"Pashto, Central (Pakistan)",General,سالن اوبه اوبه و او ۹۵٪ د غوښې حجم دال وه...
Pashto,"Pashto, Central (Pakistan)",General,ډېر ښه او په وخت، مننه
Pashto,"Pashto, Central (Pakistan)",General,د هغه سینڈوچ اندازه پوره نیمایي شوې ده
Pashto,"Pashto, Central (Pakistan)",General,ښه و.. یوازې د کانټې لپاره یوه خالي ځای و
Pashto,"Pashto, Central (Pakistan)",General,دا ډېر بې خونده و او د غوښې ډېر زیات بوين و۔
Pashto,"Pashto, Central (Pakistan)",General,لومړی بد بو و، دویم یې هر څه لمس کړل پرته له...
Pashto,"Pashto, Central (Pakistan)",General,نو ولې نه راځې؟
Pashto,"Pashto, Central (Pakistan)",General,موږ هم راځو۔
Pashto,"Pashto, Central (Pakistan)",General,جلدی کوه
Pashto,"Pashto, Central (Pakistan)",General,نو ته چېرته یې ګرانه؟
Pashto,"Pashto, Central (Pakistan)",General,راځه چې ډوډۍ وخورو. اوه نه، ما یو څه خراب وخوړل، زما معده خرابه ده
Pashto,"Pashto, Central (Pakistan)",General,زه، ته او حسن۔
Pashto,"Pashto, Central (Pakistan)",General,ګل، بلبل او لاله
Pashto,"Pashto, Central (Pakistan)",General,
Pashto,"Pashto, Central (Pakistan)",General,بیا ولې نه راځې؟
Pashto,"Pashto, Central (Pakistan)",General,زما شا درد کوي
Pashto,"Pashto, Central (Pakistan)",General,دا کار دومره هچکچا او ځنډ ته اړتیا نه لري
Pashto,"Pashto, Central (Pakistan)",General,که دا بیا وشي نو زه به له هغه سره شخړه کړم
Pashto,"Pashto, Central (Pakistan)",General,دومره ښه و چې معده مې درد شوه
Pashto,"Pashto, Central (Pakistan)",General,د څه لپاره؟
Pashto,"Pashto, Central (Pakistan)",General,له یوه خطرناک کس سره ښکېل شو
Pashto,"Pashto, Central (Pakistan)",General,خداى پوهیږي، خدیجه۔
Pashto,"Pashto, Central (Pakistan)",General,اوس دومره شرارت او ټوکې ښه نه دي
Pashto,"Pashto, Central (Pakistan)",General,څوک ستا پسې ګرځي؟
Pashto,"Pashto, Central (Pakistan)",General,د غنمو ډوډۍ هضم لپاره د فولادو معده پکار ده
Pashto,"Pashto, Central (Pakistan)",General,دا کس ډېر شوم دی
Pashto,"Pashto, Central (Pakistan)",General,د نر پسه لپاره تېز چاقو راغلی دی
Pashto,"Pashto, Central (Pakistan)",General,دا ځان لپاره اوخړه او د نورو لپاره وچوه۔
Pashto,"Pashto, Central (Pakistan)",General,ستا د پلار دسترخوان د کوڅې په ګوټ کې دی
Pashto,"Pashto, Central (Pakistan)",General,دا ګلان ډېر ښکلي دي
Pashto,"Pashto, Central (Pakistan)",General,ستاسو کور
Pashto,"Pashto, Central (Pakistan)",General,خداى هغه خره لیدلې چې سینګ نه ورکول شوي
Pashto,"Pashto, Central (Pakistan)",General,مانګور مار شو خو مانګور بچې ژوندی پرېښودل شو۔
Pashto,"Pashto, Central (Pakistan)",General,وحشي اوښ لیدل شوی
Pashto,"Pashto, Central (Pakistan)",General,ژمي سترګې پټې وي۔
Pashto,"Pashto, Central (Pakistan)",General,پیشو برش شوې ده
Pashto,"Pashto, Central (Pakistan)",General,ته ارزښت لرې. ښه دی۔
Pashto,"Pashto, Central (Pakistan)",General,د هغه دماغ څومره پراخ دی. د هغه شونډې د خر د شا په څیر دي
Pashto,"Pashto, Central (Pakistan)",General,دا سی لګي چې هغه هاتۍ نه پرېوتلی دی۔
Pashto,"Pashto, Central (Pakistan)",General,مهرباني وکړه، کور ته راشه
Pashto,"Pashto, Central (Pakistan)",General,دا عبدو څوک و؟
Pashto,"Pashto, Central (Pakistan)",General,غلام د تورې ورېځې سره راغی او جینۍ یې د پریو محل ته بوتله۔
Pashto,"Pashto, Central (Pakistan)",General,دا ویب ډېر ښکلی دی
Pashto,"Pashto, Central (Pakistan)",General,زه غواړم خپل ګریبان وشلوم (د ناامیدۍ/غصې له امله)
Pashto,"Pashto, Central (Pakistan)",General,ستا کار برباد شي
Pashto,"Pashto, Central (Pakistan)",General,د مور په مقابل کې چې عاقل وه، دا بیوقوفه ښکاري
