language,dialect,accent,source,original_text,standard_persian_translation,english_translation,dezfuli_translation,dezfuli_transliteration,lori_translation,lori_transliteration,tonekaboni_translation,tonekaboni_transliteration,semnani_translation,semnani_transliteration,southern_kurdish_kalhori_translation,southern_kurdish_kalhori_transliteration,zoroastrian_yazdi_transliteration,dari_translation,isfahani_translation,isfahani_transliteration,shirazi_translation,shirazi_transliteration,khorasani_translation,khorasani_transliteration
Caspian,Mazandarani,Tonekaboni,http://www.deilamestan.ir/news_loader/news.aspx?index=173,دره بوشوم,دارم مي روم,I'm going.,دارُم برُُم,darowm berowm,داروم ایروم,dārom irom,داره بوشُم,dare bushom,دارون مٍشین,dārun meshin,دەرەم چەم,derem chem,dāroshe  ,مه میرم,دارم میرم,daram miram,دارم می‌رم,Dāram miram,آنچه به خود نمی‌پسندی، به دیگران هم مپسند.,ânche be khod nemipasandi be digarân ham mapasand
Caspian,Mazandarani,Tonekaboni,https://pourkhalili.blogfa.com/post/46/%D9%81%D9%87%D8%B1%D8%B3%D8%AA-%DA%A9%D9%86%D8%A7%DB%8C%D8%A7%D8%AA-%D9%88-%D8%B6%D8%B1%D8%A8-%D8%A7%D9%84%D9%85%D8%AB%D9%84-%D9%87%D8%A7%DB%8C-%D8%AA%D9%86%DA%A9%D8%A7%D8%A8%D9%86%DB%8C-(-%D8%AD%D8%B1%D9%81-%D8%A7%D9%84%D9%81-)-,اُنه خرس بُخاره ، تَرکِنه ( مو کِلَندَنه ),خرس آن را بخورد ، می ترکد . ( موهایش می ریزد . ),"The bear eats it, it bursts. (Its hair falls out.)",اَ خِرسی خُوَراش، بِتِرِكِهَ. (مياش بِريزِهِن.),"a khersi khowarash, beterkeh. (miyash berizehen.)",ای خرسم ینه خرد ایپوکه,ay khersam yene khard ipukeh,خرس اَنه بوخاره، ترکنه (اینه مو ریزنه),"khers ane bokhare, terkene (ine mu rizene)",خٍرس ژو بَخورِه، مٍتٍرکییِه (ژو می مٍریژییَن),"khers zho bakhure, meterkiye zho mi merizhiyan",خەرس ئاوه بۆخۆوەی، ترەکە. (موێلی ڕەزە.),"khers āwa bkhwey, tarake. (mueyli rreze.)",khers o ro vakhra traka,خرس که او ره بخوره، میترکه. (موهایش میریزه.),اینا خرس بخورد می ترکد (موواش میریزد),inā khers bokhored mittereked (muvāsh mirized),خرس بخورتش می‌پوکه.,Khers bokhoratesh mipokeh.,بار کج به منزل نمیرسه.,bâr kaj be manzel nemirese
Caspian,Mazandarani,Tonekaboni,https://telegram.me/s/gilaki_rashti?before=95,مره وشنأ هیسه,گشنمه,I'm hungry.,گُسنَمَ,gosnam,گسنمه,gosnameh,مِره وشنایه,mere vashnāye,وَشُنون,vashonun,گۆسنمە,gosnama,vāshnama,گشنه استم,گُشنِمِس,goshnemes,گشنمه,Goshname,سالی که نکوست از بهارش پیداست.,sâli ke nakust az bahâresh peydâst
Caspian,Mazandarani,Tonekaboni,https://telegram.me/s/gilaki_rashti?before=95,مۊ چأیی نۊخؤرم,من چای نمی‌خورم,I don't drink tea.,مو چایی نَمخَرُم.,mow chāei namkhowarowm,مو چویی نیخروم,mo choyi nikharom,چای نوخارنُم,chāi nokharnom,اَ چایی مٍناخارون,a chāii menākhārun,مە چای نیخۆوم,me chāy nyakhowam,me chāyi nakhre,مه چای نمیخورم,من چای نیمی‌خورم,man chāi nimikhoram,من چوی نَمخورم,Man choy namkhoram,شنیدن کی بود مثل دیدن.,shenidan ki bud mesl didan
Caspian,Mazandarani,Tonekaboni,https://mahanmusic.net/song-sad-gilani/,عالی بوبوسه تی جان و قوربان برر,عالی بود؛ بوسه بر جانت، قربانت بروم,"It was wonderful; a kiss on your soul, may I be yours.",عالی بید؛ بوسی بِ جونت، دورت گَردام.,"āali bid, bosi beh jonet, dowret gardām",عالی بی دورت بگردوم,āli bi doret begardom,عالی با؛ ماچ تی جان، تی قربان بوشُم,"āli bā; māch ti jān, ti ghorbān boshum",عالی با، بوسا تَه جُوْن، تَه دُوْر بَگٍردون,"āli bā, busā ta jown, ta dowr bagerdun",فره خاس بی، ماچ و گیانت، قوربانت بچم,"fera khās bi, māch wa gyanet, qorbānet bechem","kheyli khib bo, buch var junod, korbunod be.",عالی بود؛ صدقه سرت شوم، قربانت شوم,عالی بود، ماچ به کلِّد، قربوند برم,āali bud māach be kalled qorbuned beram,عالی بود؛ بوس به جونت، قربونت برم,"Āli bud; bus be junet, qorbunet beram",بارکج به منزل نمیرسه.,bârkaj be manzel nemirese
Caspian,Mazandarani,Tonekaboni,https://pourkhalili.blogfa.com/post/46/%D9%81%D9%87%D8%B1%D8%B3%D8%AA-%DA%A9%D9%86%D8%A7%DB%8C%D8%A7%D8%AA-%D9%88-%D8%B6%D8%B1%D8%A8-%D8%A7%D9%84%D9%85%D8%AB%D9%84-%D9%87%D8%A7%DB%8C-%D8%AA%D9%86%DA%A9%D8%A7%D8%A8%D9%86%DB%8C-(-%D8%AD%D8%B1%D9%81-%D8%A7%D9%84%D9%81-)-,اَفتاب ( اَوتاو ) کُرا دربُمَه ؟,آفتاب از کدام سمت درآمده است؟,From which direction has the sun risen?,اَفتو اَ كولا دَر اومَسَ.,aftow a kolā dar omasa,افتو و کمو ور زیده بالا,aftow va kemu var zeyde bālā,آفتاب کُدام سَمت در بومه؟,āftab kodām samt dar boma?,اَفتُو کُمین وَر پی بیرین اٍمیچی؟,aftow komin var pi birin emichi,ئه‌فتەو و کورە دەرهاتیه؟,āftow wa kura der hatiya?,tow kovari barem za,آفتاب از کدام طرف برآمده؟,آفتاب اِز کودو را دراومده‌س؟,āftāb ez kudu rā darumedes,امروز کُجُ دس و رومه شسّه بودم؟,Emruz kojo daso rume shosse budam?,از جلوی خودش گفت,az joluye khodesh goft
Caspian,Mazandarani,Tonekaboni,https://pourkhalili.blogfa.com/post/46/%D9%81%D9%87%D8%B1%D8%B3%D8%AA-%DA%A9%D9%86%D8%A7%DB%8C%D8%A7%D8%AA-%D9%88-%D8%B6%D8%B1%D8%A8-%D8%A7%D9%84%D9%85%D8%AB%D9%84-%D9%87%D8%A7%DB%8C-%D8%AA%D9%86%DA%A9%D8%A7%D8%A8%D9%86%DB%8C-(-%D8%AD%D8%B1%D9%81-%D8%A7%D9%84%D9%81-)-,اُنه خدا بَزَه,او را خدا زده است.,God has struck him.,خدا زِيدَ مِ سَرِش.,khodā zayda me saresh,وونه خدا زیدشه,vone khodā zeydesheh,اونه خدا بزه.,une khoda baza.,خُدِه ژو بوکوآچی,khode zho bukuāchi,ئاوه خۆدا داسە لی.,āwa khodā dāsa li.,mo ji khzāsho koshta,او ره خدا زده,اینا خدا زِدِه‌سِش,inā khodā zedeesh,ایره خدا زده,Ire khodā zadeh,برو سرتو بزن,bere saretu bezan
Caspian,Mazandarani,Tonekaboni,http://www.deilamestan.ir/news_loader/news.aspx?index=173,چي درست هکردي,چي درست کردي,What did you do?,چِ ساختيَه,che sākhtiyah,چه درست کردیه,che dorost kerdiyeh,چی درست اَکوردی,chi doros akordi,چیچی دُرُست کٍرچَه؟,chichi dorost kercha,چه دۆرۆس کەردیده؟,cha doros kerdida?,chechi dederese kārta,چی جور کدی؟,چی چی ساخته‌ی,chi chi sākhtey,چی دُرُس کِردی؟,Chi doros kerdi?,به هم نچسبید,be ham nachasbid
Caspian,Mazandarani,Tonekaboni,https://fa.wikipedia.org/wiki/%D8%AA%D9%86%DA%A9%D8%A7%D8%A8%D9%86,kijâšon dare bušon,دخترها دارند می‌روند,The girls are leaving.,دُختَرون دارِن بِروِن,dokhtaron dāren berowen,دورل دارن ایرن,duvaral dāren iran,کیجایِشان دارن بوشن,kijāyshān daren boshon,دُختٍری دارَن مٍشین,dokhteri dāran meshin,دوتەیل دەرەن چەن,doteyl deren chen,dotogun dāran shan,دخترا روان استن,دُخدِرا دارن میرن,dokhderā dāran miran,دخترا دارن می‌رن,Dokhtarā dāran miran,از یاد کردن,az yâd kardan
Caspian,Mazandarani,Tonekaboni,https://fa.wikipedia.org/wiki/%D8%AA%D9%86%DA%A9%D8%A7%D8%A8%D9%86,kijâšon dabon bušon,دخترها داشتند می‌رفتند,The girls were going.,دُختَرون داشتِن بِرَفتِن,dokhtaron dāshten beraften,دورل داشتن ایرفتن,duvaral dāshten iraftan,کیجایِشان دَبون بوشن,kijāyshān dabān boshon,دُختٍری دٍرشُن مٍشِن,dokhteri dershon meshen,دوتەیل داشتن چیان,doteyl dashten chiyān,dotogun dāshtan shoan,دخترا میرفتن,دُخدِرا داشتن میرفتن,dokhderā dāran miyān,دخترا دُشتن می‌رفتن,Dokhtarā doshtan miraftan,میلاد رضا (ع),milâd rezâ ('a)
Kurdish,Southern Kurdish,Southern Kurdish,Manual,ره‌وانناسه‌گان خاسییه‌یل فره‌ێگ ئه‌ڕاێ گیره‌ کردن شمارینه‌ و گیره‌ کردن ڕێگه‌ێ ئه‌ڕاێ ئازاد بین له‌ ده‌س فشار و ئسترسه‌یل ژیان و تاوشت ژان و خه‌م و خوسه‌ زانستنه‌.,روانشناسان خاصیت‌های بسیاری را برای گریه‌کردن برشمرده‌اند و گریه کردن را برای رها شدن از فشار استرس و تحمل درد و غم و غصه می‌دانند.,"Psychologists have identified many attributes of crying and consider it a means of releasing stress, enduring pain, and coping with sadness and grief.",روانشناسون خواص زياديَه سی گِريوِسَن گُفتِنَ و گِريوِسَن را سی گُرُختَن اَ فشار غُصَ دونِن.,ravānshenāson khavāse ziyādieh si gerivesan goften va gerivesan rā si gorokhtan a feshāre ghoseh donen,دکترل ایگن گیروسن سی چن چی خوبه. خلاص وبیدن از فشار استرس و تحمل درد و غم و غصه,doktoral igan girvestan si chan chi khubeh khalās vobidan az feshāre esteres va tahamole dadrdo ghamo ghoseh,روان‌شناسشون بُرمِه کردنه خیلی خاصیت دانن و گونن بُرمِه کردن راهی هسه از فشار و استرس رها بِبی و درد و غم و غصه‌ره تحمل اَکُنی.,rawānshenaseshan borme kardane kheili khāsiat dānen va gunen borme kardan rāhi hesse az feshār o esteres rāhā bebi va darde o ghamo ghosare tahamol akoni.,رٍوانشٍناسی بُرمِه رَه خاصییٍّتی زیادی بٍشمارچیشُن و بُرمَه بٍجٍندییُن بٍرایی فٍشار و دٍلواسِه وُ تَحَمُّلی دَردی و غَم و غُصتِه خُوْ مٍزُنَن.,revānshenāsi borme ra khāsiyyeti ziyādi beshmārchishon o borma bejendiyon berāyi feshār o delvāse vo tahammoli dardi o gham o ghoste khow mezonan.,ره‌وانناسه‌گان خاسییه‌یل فره‌ێگ ئه‌ڕاێ گیره‌ کردن شمارینه‌ و گیره‌ کردن ڕێگه‌ێ ئه‌ڕاێ ئازاد بین له‌ ده‌س فشار و ئسترسه‌یل ژیان و تاوشت ژان و خه‌م و خوسه‌ زانستنه‌.,rawānnāsagān khāsieyle fereig arrāy gira kerden shemārina wa gira kerden rrigey arrāy āzād bin la dase feshār wa estereseyle zhian wa tāweshte khamu khossa zānestena.,ravānshenāsa kheyli khāsiat māle shakārtvun shnevāta o shakārtvun ro māle prār az feshāre delhora o tahamole dard o gham o ghosa zonan. ,روانشناسا خاصیت های زیادی ره برای گریه کدن گفتن و گریه کدن ره برای خلاص شدن از فشار استرس و تحمل درد و غم و غصه میدانن.,روانشناسا خاصیِتا زیادی را برای گریه‌کردن گفته‌ن آ گریه کردنا برا رها شدن اِز فشاری استرس آ تحملی درد آ غم آ غصه می‌دونن.,ravānshenāsā khāsiyetā ziyādi rā barā geryee kardan goftaan ā gerye kardanā barā rahā shodan ez feshari esteres ā tahammoli dard ā qam ā qosse midunan,روانشناسا خواص زیادی بری گریه کِردن در اُوردن و گریه کِردنِه بری رها شدن از فشار استرس و تحمل درد و غم و غصه می‌دونن.,Ravānshenāsā khavāse ziādi barey geryeh kerdan dar ovordan va geryeh kerdane barey rahā shodan az feshāre esteres va tahammole dardo ghamo ghose midunan.,امام رضا (ع),emâm rezâ ('a)
Kurdish,Southern Kurdish,Southern Kurdish,Manual,او مربا خواردن دری,اون مربا خوردن داره,That jam deserves to be eaten,ای مربا خُوَردَن دارَ.,i morabā khowrdan dāra,او مربا خردن داره,u morabā khardan dāreh,اون مربا خوردن داره.,un morabā khordan dare.,اون مُرٍبّا بُخوردییُن دارِه,oun morebbā bokhurdiyon dāre,او مربا خواردن دری,ow morabbā khwārden dere,o morabāe khārtvun dāra.,او مربا خوردن داره,اون مربا خوردن دارِد.,un morabbā khordan dared,او مربُو خوردن داره,U morabow khordan dāreh,کتاب رِه به او دادم,ketâb re be u dâdam
Kurdish,Southern Kurdish,Southern Kurdish,Manual,له مدت عمرم ایجو غذایله نخواردمه,در مدت عمرم همچین غذاهایی نخورده‌ام,I have never eaten such foods in my lifetime.,مِنِ كُلِ عُمرُم ايطور غذایی نخُوَردَمِ,mene kole omrom itor ghazāi nakhowardam,من عمرم چنن غذی نخردمه,men omrom chenen ghazey nakhardameh,می عمر ایتا غذا نوخارده بام.,mi omr ita ghazā nokhārde bām.,دٍلَه عُمرین، چٍنین چیزایی نَخورچَن.,"dela omrin, chenin chizāyi nakhurchan.",له مدت عمرم ایجو غذایله نخواردمه,la meddate omrem iju ghazāyeyla nakhwārdema,dar tule amrom mobsa chomoei nkhārta,در تمام عمرم ایطور غذاها نخوردیم,من کلی زندگیم هنچی غذای نخورده‌م,man kolli zendegim hanchi qazāy nakhordaam,تو کل عمرُم همچی غذاهوی نخوردم,Tu kolle omrom hamchi ghazāhoy nakhordam,مغز مدادفشاری,maghz medâdfeshâri
Kurdish,Southern Kurdish,Southern Kurdish,https://t.me/s/Zwan_kurdi_kalhuri?before=100,مناڵەیل و ئات ئەیال چۊنن؟,اهل و عیال چطور هستند؟,How is the family doing?,اهل هوش چطورِن؟,ahle howsh chetoran,برو بونکو چطرن,boro bonku chetaran,تی زن و بچه چطورن؟,ti zano bache chetoren?,جٍنییَه وَچِه چٍطُوْرییَن؟,jeniya vache chetowriyan,مناڵەیل و ئات ئەیال چۊنن؟,menāleyl wa āto ayal chunen?,at o ayālod chinan?,فامیل چطور استن؟,اَهدا عیال چیطورن,ahdā ayāl chitoran,خانوم بچّا چیطورن؟,Khanum bachchā chitoran?,خُو گِرَوْ نِکِردَن,kho garow nekardan
Kurdish,Southern Kurdish,Southern Kurdish,Manual,دستان خوش ئەڕا ای کلیپه که پخش کردینه درباری کلاش هرسینی,دستتان درد نکند برای پخش این کلیپ درباره گیوه هرسینی,Thank you for sharing this clip about Hariseni Ghiwa.,دَستون بی بلا سی پخش ای فیلم سی گیوَ هرسينی.,daston bi balā si pakhshe i film si giva hersini,دستون درد نکنه سی ای کلیپ بابت گیوه هرسینی,dasetun dard nakeneh si I kilip bābate givah harsini,تی دست درد نکنه، این کلیپ گیوه هرسینیه پخش اَکوردی.,ti dast dard nakone in klipe giveh harsinie pakhsh akordi.,شٍما دَست دَردی نَکٍرِه بابٍتی پَخش واکٍردی اٍن کٍلیپین دَربارِه‌ای گیوِه‌یی هِرسینی,shemā dast dardi nakere bābeti pakhsh vākerdi en kelipin darbāreii giveyi hersini,دستان خوش ئەڕا ای کلیپه که پخش کردینه درباری کلاش هرسینی,dasedān khwash arrā i kilipa ke pakhsh kerdina darbārey kelāshe harsini,dashteto dard nakra māle pakhshe mo kelipe malekiye harsini,دست تان درد نکنه برای پخش ای کلیپ درباره گیوه هرسینی,دسّدون درد نکوند برا پخشی این کلیپ درباره گیوه هرسینی,dassedun dard nakune barā pakhshi in kilip darbāre give hersini,دسِّتون درد نکنه بری پخش ای کیلیپ دربارِی گیوِی هرسینی,Dassetun dard nakoneh barey pakhshe i kilip darbārey givey harsini,عل و توک,al o tok
Kurdish,Southern Kurdish,Southern Kurdish,Manual,ئاخ و داخ ‌‌ئەڕا میرات باوانمان که بێ پشتگیری که‌تێەسه پراوێز,ای داد و بیداد برای میراث پدرانمان که بی پشت و پناه مانده‌اند,Oh the cries for our ancestors' heritage that has been left without support.,وِيلَتِ سی ارثِ بوَمون كه بی کَس موندِنِ,veylate si erse bowamon  ke bi kas mondene,ای واویلا که ارث بوامون که بی پناه موندنه,ey vāveyla ke ers bowamon bi panāh mondeneh,ای داد و بیداد، امی پیرشانه میراث بی پشت و پناه بمانسه.,ay dādo bidād ami piyareshane mirās bi poshto panāh bemanese.,صِه داد و بیداد بٍرایی هَما پییٍرون کو بی پُشت و پٍناه بٍمُنچَن,se dād o bidād berāyi hamā piyerun ko bi posht o penā bemonchan,ئاخ و داخ ‌‌ئەڕا میراث باوانمان که بێ پشتگیری که‌تێەسه پراوێز,ākho dākh ārra mirāse bawaneman ke bi peshtgiri katiyasa perāwiz,ey dādo bidād māle arse sarāmun ge bi poshto panā nanan. ,ای داد و بیداد برای میراث پدرای ما که بی پشت و پناه ماندن,ای دادی بیدا برا میراثی پدرامون که بی‌کِس مونده‌ن,ey dādi bidād barā mirāsi pederamun ke bikes mundaan,ای داد و بیداد بری میراث پدرامون که بی پشت و پنا مُندن,Ey dādo bidād barey mirāse pedarāmun ke bi poshto pana mondan,تل وا تل کیدن,tel vâ tel kidan
Kurdish,Southern Kurdish,Southern Kurdish,Manual,اول باره بیشتریان دیونم,بیشترشان را اولین بار است که میبینم,This is the first time I am seeing most of them.,بيشترشونِ پِر اولِ ببينُم,bishtareshone per avale bebinom,بیشترشونه بار اولیه که ایبینوم,bishtareshuneh bāre avaliyeh ke ibinom,بیشترشانه اول دفعه وینُم.,bishtareshane aval dafa vinom.,ویشتٍرییون، اُوْلٍمین دَفَه‌یَه کو مِینون.,"vishteriyun, owlemin dafaya ko meynun.",اول باره بیشتریان دیونم,awal bāra bishteriān dunem,beshtariyāshun avalin karan gevine,بسیاری شانه بار اول اس که میبینم,بیشدرشونا اولین بارس که میبینم,bishtereshunā avvelin bāres ke mibinam,بیشترشونو اولین باره می‌بینم,Bishtareshuno avalin bāre mibinam,ور تریزش خورده,var terizesh khorde
Kurdish,Southern Kurdish,Southern Kurdish,Manual,ای گیان ئەڕا شارگمان,ای جان برای شهرمان,"Oh dear, for our city.",اِی جون سی شهرِمون,ey jon si shahremon,ای جون سی شهرمون,ey jun si shahremun,ای جان، امی شهره,ey jān ami shahre,اِی جان، هَما شَهری رَه.,"ey jān, hamā shahri ra.",ای گیان ئەڕا شارگمان,ey gyān arrā shāragamān,ey jun var shārmo,جانم فدای شهر ما,جون به این شَر,jun be in shaar,ای جونم بری شهرمون,Ey junom barey shahremun,ور دال پوشت,var dâl pusht
Kurdish,Southern Kurdish,Southern Kurdish,Manual,درود فره و ژنیل کورد له سراسر گیتی له کرماشان بگر تا کوردستان.,درود فراوان به زنان کورد سراسر دنیا از کرمانشاه گرفته تا کوردستان,Warm greetings to Kurdish women all around the world from Kermanshah to Kurdistan.,کلی سلام وَر زنون کُرد كل دنيا اَ كرمانشاه تا كُردستان,koli salām var zanon kord donyā a kermānshāh ta kordestān,درود فراوان و زنل کورد سراسر دنیا و کرمونشاه تا کردستون,dorud farāvān va zenele kord sarāsare donyā va kermunshāh tā kordestun,درود فراوان به کُردِ زنان سرتاسر دنیا، از کرمانشا بگیته تا کردستان,dorude ferāvān be korde zenan sartāsare donya az kermānshā begite tā kordestān,سٍلامی فٍراوُنی بٍر کُردی جٍنی، کٍرمُنشاه پی بَگیر تا کُردٍستان,"selāmi ferāvoni ber kordi jeni, kermonshā pi bagir tā kordestān",درود فره و ژنیل کورد له سراسر گیتی له کرماشان بگر تا کوردستان.,durude fera wa zheneyle kurd la sarāsare giti la kermāshān beger tā kurdessān,dorude farāvun be yanune korde sarāsare donyā az karmunshā frānta tā kordestun,سلام فراوان به زنان کورد سراسر دنیا از کرمانشاه گرفته تا کوردستان,سلاما درود به زنانی کوردی کلی دنیا از کرمونشا تا کردستان,salāmā dorud be zanāni kordi kolli donyā ez kermunshā tā kordestan,درود فراوون به زنوی کورد سر تا سر دنیا از کرمونشا گرفته تا کردستان,Dorude farāvun be zanoy korde sar tā sare donyā az kermunshā gerefteh ta kordestān,اوللو بدر کرد,ololu badr kard
Kurdish,Southern Kurdish,Southern Kurdish,Manual,هه‌ر وه‌خت نان کردیاد هاتیاد چڕیاده‌مان ئه‌ڕا ناو نانکه‌ر و ئیمه‌ مناڵه‌یل گشت وه‌ رزاره‌و نیشتیایمنه‌ شانێ و چه‌وه‌ڕێ وسیایم نانه‌ ساجیه‌گانێ له‌ وه‌رتاوه‌ برشته‌ بکه‌ێد و به‌ێده‌ ده‌سمانه‌و.,هروقت نان درست می‌کرد صدایمان میزد. ما بچه‌ها هم همگی به‌صف کنارش می‌نشستیم و چشم به راه می‌ماندیم تا نان روی ساج برشته می‌شد و به دست‌مان می‌داد.,"Whenever she made bread, she would call us. We, the kids, would all sit in line next to her and wait with our eyes on the bread until it was roasted on the pan and handed to us.",هر وقت نونِ پخت بُنگِمُنِ كُرد. اومون بچونَ قطار وَرِش بنِشستيم و منتظر بمونديم تا نون ری تُوَ بِبِريزِس و بِ داد دَسِمون,har vaght none pokht bongemone kor. owmon bachona ghatār varesh benshastim va montazer bemondim tā non ri towva beberizes va be dād dasemon,هر وقت که نون ایپخت بونگمون ایزد. ایما بچیل وصف تیش اینشسیم و تیمون و توه بی تا نون برشته وابو و بدن دستمون,har vaqt ke nun ipokht bongemun izad. Ima bachial vasaf teysh ineshesim va tiyamun va towve bi tā nun bereshteh vobu va bedan dasemun,هَروَخت نان دُرُست کَنه با، اَمره صِدا زَنه با. امی وَچِه‌یِشان هم هَمه اینه کِنارِ به صَف نیشِنه بیم و چِش دَوِسِنه بیم تا نانِ ساجه رو بِرِشته بابو و امی دَس بَرسه.,harvakh nān doros kane ba amere sedā zane ba. ami vachayshan ham hame ine kenar be saf nishene bim va chesh davesene bim ta nāne saje ru bereshte babu o ami das barese.,هَر وَخت نون مٍپٍتِش هَما صٍدا مٍکٍردِش. هَما زِکَه زَرییَن هَمَه ای رَج ژین پَلی مٍنییٍستین و چَش بٍه رِه مٍمُندین تا نون دیمَه ساجی بٍرٍشتَه وابو وُ هَما دَست اٍندِه.,har vakht nun mepetesh hamā sedā mekerdesh. hamā zeka zariyan hama i raj zhin pali meniyestin o chash be re memondin tā nun dima sāji bereshta vābu vo hamā dast ende.,هه‌ر وه‌خت نان کردیاد هاتیاد چڕیاده‌مان. ئیمه‌ مناڵه‌یل گشت وه‌ رزاره‌و نیشتیایمنه‌ شانێ و چه‌وه‌ڕێ وسیایم نانه‌ ساجیه‌گانێ له‌ وه‌رتاوه‌ برشته‌ بکه‌ێد و به‌ێده‌ ده‌سمانه‌و.,harwakht nān kerdiād hātiyād cherriyādamān. ima menāleyl gesht wa rrezārow nishtiaymena shāni wa chāwarri wesāyma nāna sājiagāni la war tāwa bereshta bekeid wa biyeyda dasemānow.,hār vakh nun shederese ka vājshamoka. mā vachegun ji hma veche nāshim o chame rāe manim tā nun ri towa breshta vebu omnedāshta,هر وقت نان پخته میکرد صدای ما میکرد. ما بچه ها هم کل ما به صف پهلویش میششتیم و چشم به راه میماندیم تا نان روی ساج بریان میشد و به دست ما میداد.,هروخ نون می‌پخ صدامون میزد. ما بچا وم همگی به‌صف میشسّیم کنارش آ چش به را می‌موندیم تا نون رو ساج برشته می‌شد آ می‌داد دسِّمون.,har vakh nun mipokh sedāmun mized. Mā bechāvam hamegi be saf  mishessim kenāresh ā chesh be rā mimundim tā nun ru sāj bereshte mishod ā midad dassemun,هر وقت نون دُرُس می‌کِرد صدامون می‌زد. ما بچّا هم همگی به‌صف کنارش می‌شنسّیم و چشم به را می‌مُندیم تا نون روی توه برشته می‌شد و می‌داد دسّمون.,Har vaght nun doros mikerd sedāmun mizad. Mā bachchā ham hamegi be saf kenāresh mishnessimo cheshm be rā mimondim tā nun ruye towe bereshte mishodo midād dassemun.,سیصد و دو,sist o do
Luri,Bakhtiari,Chaharmahali,https://www.tarafdari.com/node/1699552,بَر و آر,بردن و آوردن,Carrying and bringing,بُردِنُ و اُوُردِن,bowrdeno va owvorden,بردن و اوردن,bordano āvordan,ببِردَن و بیارِدَن,baberdan o biyārden,بٍبٍرد و بیارد,beberd o biyārd,بەڕدێنو هاوەڕدەن,berrdinu hāwerden,bārtvun o hārtvun,بردن و آوردن,بردن آ آوردن,bordanā ovordan,بردن و اُوُردن,Bordano ovordan,کفش شب رو,kafsh shab ru
Luri,Bakhtiari,Chaharmahali,https://www.tarafdari.com/node/1699552,لیک و لاک,داد و فریاد,Shouting and yelling,قيل و قال,ghil va ghal,قیل و قال,qilo qāl,داد و فَریاد,dād o faryād,داد و فٍریا,dād o feryā,دادۆ هاوار,dādu hāwār,dād o bidād,چیغ و فریاد,قال کردن,qāl kardan,داد و بیداد,Dādo bidād,عدل باش یره,adl bâsh yere
Luri,Bakhtiari,Chaharmahali,https://farsikhan.ir/%D8%AA%D9%85%D8%A7%D9%85-%D8%A7%D8%B7%D9%84%D8%A7%D8%B9%D8%A7%D8%AA-%D8%AF%D8%B1%D9%85%D9%88%D8%B1%D8%AF-%DA%AF%D9%88%DB%8C%D8%B4-%D8%A8%D8%AE%D8%AA%DB%8C%D8%A7%D8%B1%DB%8C/,خدا وا دیار ت ( دیار سرت) با,خدا نگهدار,Goodbye.,به اَمون خدا,be amone khodā,خدا پشت و پنات بو,khodā poshto panāt bu,خُدا تِره بِداره,khoda tere bedare,خُدا نیگٍهدار,khodā nigehdār,خۆدا نەگادارت,khodā negādāret,khzānegadār,خدا نگهدار,خدافظ,khodafez,خدا نگَدار,Khodā negadār,پِچ پِچ کردن,pech pech kardan
Luri,Bakhtiari,Chaharmahali,https://setare.com/fa/news/31251/%DB%B4%DB%B5-%D8%B6%D8%B1%D8%A8-%D8%A7%D9%84%D9%85%D8%AB%D9%84-%D8%A8%D8%AE%D8%AA%DB%8C%D8%A7%D8%B1%DB%8C-%D9%87%D9%85%D8%B1%D8%A7%D9%87-%D8%A8%D8%A7-%D9%85%D8%B9%D9%86%DB%8C-%D9%88-%DA%A9%D8%A7%D8%B1%D8%A8%D8%B1%D8%AF-%D8%A2%D9%86-%D9%87%D8%A7/,ار نبو امری ز. حق، نیفته بلگی ز درخت.,اگر امر حضرت حق نباشد، برگی از درخت نمی‌افتد.,"If it is not the will of the Almighty, not a leaf falls from a tree.",اَر خدا نَخو، برگی اَ درخت نَم اُفتَه,ar khodā nakhowa bargi a derakht nam oftā,ای نه امر خدا بو برگی و درخت نیفته,ay na amre khodā bu bargi ve derakht niofteh,اَگَر حضرتِ حَقِّه اَمر نَبو، بَرگ از دِرَخت نَکَنه.,"agar hazrate haghe amr nabu, barg az derakht nakane.",اَگٍر اَمری حَضرٍتی حَقّي نَبو، اییَه وَلگَه دارین پی مَنٍکِه.,"ager amri hazreti haqqy nabu, iya valga dārin pi maneke.",ئەگەر خۆدا نێتەوێ، هۆچ بلگیگ و دارو نەکەفێد,"aga khodā nyatwey, huch balgig wa dārow nyakafed",agar amre khzā nabo pari az derakh naka,اگه امر حضرت حق نباشه، برگی از درخت نمیفته.,اگه خدا نخواد بلگ اِز درخ نیمیوفته,ege khodā nakhād balg ez darakh nimiyofte,اَی امر حضرت حق نباشه، برگ از درخت نَمیوفته.,"Ay amre hazrate haq nabāshe, barg az derakht namiofteh.",تیت و بر,tit o bar
Luri,Bakhtiari,Chaharmahali,https://setare.com/fa/news/31251/%DB%B4%DB%B5-%D8%B6%D8%B1%D8%A8-%D8%A7%D9%84%D9%85%D8%AB%D9%84-%D8%A8%D8%AE%D8%AA%DB%8C%D8%A7%D8%B1%DB%8C-%D9%87%D9%85%D8%B1%D8%A7%D9%87-%D8%A8%D8%A7-%D9%85%D8%B9%D9%86%DB%8C-%D9%88-%DA%A9%D8%A7%D8%B1%D8%A8%D8%B1%D8%AF-%D8%A2%D9%86-%D9%87%D8%A7/,ار نخردیم نون گندم، اما دیدیم دست مردم.,اگر نخوردیم نان گندم، اما دیدم دست مردم,"If we didn't eat wheat bread, I saw bread in people's hands.",اَر نخُوَرديم نون گندم، اما ديدُم دست مردم,"ar nakhowardim non gandom, amā didom daste mardom",ای نخردیم نون گندم، ولی دییمه دست مردم,ay nakhardim nune gandom vali didim daste mardom,نوخارْدیم نان و گَندُم، اَما بِدِیم دَستِ مَردُم.,"nokhārdim nāno gandom, ama bedeym daste mardom.",اَگٍر گُندُمین نون نَخورچیمُن، مَرتُمُن دَست بٍدیچیمُن,"ager gondomin nun nakhurchimon, martomon dast bedichimon",شاید نەخواردیمە نانە گەنم، وەلی دیمەنە دسە مەردەم,"shāyad nakhwārdima nāne ganem, wali dimena dase mardem",age mo nakhorte nun ganom mnedize dashte mārdom,اگه نخوردیم نان گندم، اما دیدیم دست مردم,نخوردیم نونی گندم، اما دیدیم دسی مردوم,nakhordim nuni gandum ammā didim dassi mardum,اَی نخوردیم نونِ گندم، ولی دیدیم دسِّ مردم.,"Ay nakhordim nune gandom, vali didim dasse mardom.",از شکل گشته,az shekl gashte
Luri,Bakhtiari,Chaharmahali,https://www.irannamag.com/article/%D9%86%DA%AF%D8%A7%D9%87%DB%8C-%D8%A8%D9%87-%DA%86%DB%8C%D8%B3%D8%AA%D8%A7%D9%86%E2%80%8C%D9%87%D8%A7%DB%8C-%D8%A8%D8%AE%D8%AA%DB%8C%D8%A7%D8%B1%DB%8C/,چنه‌چنه تا دس به تیاس نکنی، دهوون واز نیکنه؟,آن چیست تا دست به چشمش فرو نکنی، دهان باز نمی‌کند؟,What is it that he won't open his mouth until you put your hand in his eye?,عوُان چيَه كِ تا دست مِن تييَش نكنی،دونِشِ نَمگُشَ؟,"owān chiya ke tā dast mene tiyash nakoni, doneshe namgosha",وو چنه که تا دست من تیش نکنی دهوونش واز نیبو,vo chene ke tā dast men tiyash nakoni dahunesh vāz niyobu,آن چیَه تا دَسِت اینه چِش فُرو نَکُنی، دَهان باز نَکونه,"ān chiya ta das ine chesh foru nakoni, dahan bāz nako",اون چیچییَه کو تا دَست ژو دِلَه چَشون نَکِرا، آلَه مِناکٍرِه؟,"oun chichiya ko tā dast zho dela chashun nakerā, āla menākere",ئاوه چه‌س تا ده‌س نەکەیده ناو چاوی، دەم وا نەکەی؟,"āwa chas tā das nakeyda naw chāwi, dam wā nakey?",o che chion tā dashe tu chame foru nakni lope vā nakre,او چیست تا دست به چشمش فرو نکنی، دهان باز نمیکنه؟,اون چیه که تا دس تو چشش نکونی دَنش وا نیمیشِد؟,un chiye ke tā das tu cheshesh nakuni daanesh vā nimished,او چیچیه که تا دس تو چیشش نکنی، چیلشه باز نَمی‌کنه؟,"U chichieh keh tā das to chishesh nakoni, chileshe bāz namikoneh?",الخو ملخو رِفتن,alkho malkho raftan
Luri,Bakhtiari,Chaharmahali,https://www.delgarm.com/languages/153724-%D8%A2%D9%85%D9%88%D8%B2%D8%B4-%D8%A7%D8%A8%D8%AA%D8%AF%D8%A7%DB%8C%DB%8C-%D8%AD%D8%B1%D9%81-%D8%B2%D8%AF%D9%86-%D8%A8%D9%87-%D8%B2%D8%A8%D8%A7%D9%86-%D9%84%D8%B1%DB%8C,مَی وِت زنگ نَزِیدِن؟,مگه بهت زنگ نزدند؟,Didn't they call you?,مَر وَرِت زنگ نَزَدُن؟,mar varet zang nazandon,می وت زنگ نزهنه,mey vat zang nazahneh,مَگِه تِره زَنگ نَزَن؟,mage tere zang nazan?,مِگَه تَه رَه زَنگَه نَکوآچیشُن؟,mega ta ra zanga nakuāchishon,مەگە وە پیت زەنگ نیان؟,maga wa pit zang niyān?,mage zang shu nakoshte,مگه برت زنگ نزدن؟,مِگه زنگد نزدن؟,mege zanged nazedan,مِی بهت زنگ نزدن؟,Mey behet zang nazadan?,کند و کشال,kand o keshâl
Luri,Bakhtiari,Chaharmahali,https://www.tarafdari.com/node/1699552,داد و قال,فریاد,Shriek,قيلِ و قال,ghil va ghal,قال,qāl,فَریاد,faryād,فٍریا,feryā,هاوار,hāwār,dād,چیغ,قال کردن,qal kardan,جار,Jār,به جُل جُل افتادن,be jol jol oftâdan
Luri,Bakhtiari,Chaharmahali,https://www.tarafdari.com/node/1699552,عاجِز و بی جِز,خسته,Tired,عاجز,āgez,خسه,khasah,کرکِتال,karketāl,هٍلاک,helāk,شەکەت,shakat,muna,مانده,خسّه وا هلاک,khassevā helāk,خسّه,Khasse,توز و دلّاخ,tuz o dellâkh
Luri,Bakhtiari,Chaharmahali,https://www.tarafdari.com/node/1699552,جِست و گُروس,فرار,Escape,گُرُختَن,gorokhtan,گروختن - گروهتن,gorukhtan,فِرار,ferār,بُوْریت,bowrit,درچین,darchin,prār,گریز,فِرار,ferar,فرار,Farār,فرز,farz
Pashto,Pashto,General,Pashto-English Bilingual Sentiment Corpus,واخخخخ څومره خوند به یی کړی وایی,بگو چقدر سرگرم‌کننده خواهد بود.,Tell me how much fun it will be,گوئُم چَقذَر مخو خوش گُذَردَ,gowom chagzar makho khosh gozarda,وم بگو قراره چق خوش بگذرده,vam begu  cheqa qarāre khosh bogzardeh,بِگو مِره چَندی خونه خُش بِگْذره,bogo mere chandi khane khosh begzare,مو رَه با چٍقٍد خُوْ مٍبو,mo ra bā cheqed khow mebu,بۆش چه‌نی قەڕاره خوش بگەزەرێد,bush chani qarāra khwash begzared,veā chekade khashon,بگو چقه سرگرم کننده خواهد بود.,بوگو بیبینم چقد قراره خوش بگذره,bugu bibinam cheqad qarāre khosh begzere,بوگو چقد حال می‌ده,Bugu cheqad hāl mideh,بِرِ چی اِقَد جُل جُل مُکُنی,bere chi eqad jol jol mokoni
Pashto,Pashto,General,Pashto-English Bilingual Sentiment Corpus,پرپادر مو لانت شه له په دې دمکو,لعنت بر پدرت,Cursed be your father,لعنت وَر بوئَت,laanat var bowat,نعلت و بوت,nalat va bowt,تی پِیرِه لَعْنَت,ti peyare l'anat,نَلٍت بٍر تَه پییٍر,nalet ber ta piyer,له‌ئنت و باوگەت,la‘nat wa bāwget,la'nat be sarod,لعنت بر پدرت,تف تو قبری آقادا هفت جدد,tof tu qabri āqādā haf jadded,لعنت به پدرت,La‘nat be pedaret,چِقَد امشو خُنُک رِفتی,cheqad emshu khonuk rafti
Pashto,Pashto,General,Pashto-English Bilingual Sentiment Corpus,زمونږ هيکران هم تر هيچا کم نه دي ,هکرهای ما هیچ کم از دیگران ندارند.,Our hackers are no less than anyone. ,هكرا اُمون اَ هيچكی كمتر نَيسِن,hakerā omon a hichki kamtar naysen,هکرل ایمو و همه بخترن,hakerele imo va hameh bekhtaran,امی هکِرِشان چیزی کَم از بَقّیه نِدارِن,ami hakereshan chizi kam az baghiye nedāren,هَما هَکٍری هِچ چی پی مَنٍتٍرسَن,hamā hakeri hech chi pi manetersan,هەکەڕەیلە ئیمه چەشتیگ و ئاوانە کەم نەیڕن,hakereyle ima cheshtig wa āwāna kam neyren,hakerhaye mā az ashki kamtar nahan,هکر های ما هیچ کم از دیگران ندارن.,هكرامون هیچی از بقیه کم ندارن,hakerāmun hichchi ez baqiye kam nadāran,هکروی ما از هکروی دیگه چیزی کم ندارن,Hakeroy mā az hakeroy digeh chizi kam nadāran,مو موروم دِگه,mo morom dege
Pashto,Pashto,General,Pashto-English Bilingual Sentiment Corpus,څومره خه کار به شوی وه,خیلی جالب خواهد بود.,It would be very interesting.,ايان خيلی خوبَ,iyan kheyli khoba,مهلی خوب ایبو,mahli khub ibu,خیلی جالِب بونه,kheili jāleb bune,خِیلی جالٍب مٍبو,kheyli jāleb mebu,فره جالبوو بوو,fera jālebow bud,kheyli jāleba bo,بسیار جالب خواهد بود.,قرارس خیلی خب باشِد,qarāres kheyli khob bāshed,خیلی جالب می‌شه,Kheili jāleb misheh,چُقذَر گرجه مِخِی بُبُری,choqadar gorje mikhi bobori
Pashto,Pashto,General,Pashto-English Bilingual Sentiment Corpus,بس انتظار یو ستاسو خواږې لوبې ته,فقط منتظر یکی از بازی‌های شیرینت باش.,Just wait for one of your sweet games,فقط صبر سی یکی از بازیا شِرینت,faght sabr si yeki bāziya sherinet,فق منتظر یکی و بوزیل خووت بو,faqa montazere yeki va bowziyale khubet bu,فَقَد مُنتَظِرِه یکی از بازی‌های شیرینِت بو,faghad montazere yeki az bāzihāye shirinet bu,فَقٍد مُنتَظٍری ای وازی‌یی شٍرینی با,faqed montazeri i vāziyi sherini bā,فەقەت چاو وه ڕی یەکیگ لە بازیەیلە شیرینەد بوو,faghad chāw wa rri yakig la bāzieyle shirined bu,paghat chame rāe yaki az chmāshoye khashod bo,فقط منتظر یکی از بازی های شیرینت باش.,صبر میکونیم بیبینیم شوما چه ترکه‌ی ترکون میکونین,sabr mikunim bibinim shuma che terkey terekun mikunin,فقط وُیسو برِی یکی از بازیوی باحالت,Faghat voyso barey yeki az bāzioy bāhālet,بازی رِ مُبُرُم,bâzi re moborom
Pashto,Pashto,General,Pashto-English Bilingual Sentiment Corpus,همدا   اور  چی نور تاز شی ډیر خوند به وکی انتظار یو,ما منتظر تازه‌ترین آتش خواهیم ماند,We will wait for the most fresh fire,سی تشِ نويی صبرِ كنيم,si tashe nowei sabr konim,تیمونه و روزل خوب دختیمه,tiyamuneh va ruzale khub dokhtimeh,مُنتَظِرِه تازه آتیش حِسّیم.,montazere tāze ātish hessim.,هَما مُنتَظٍری تازَه‌تٍرین آتٍشی مٍمُنین,hamā montazeri tāzaterin āteshi memonin.,چاو وه ڕی ئاگەرە تازە بووم,chāw wa rri āgere tāza buym,mā cham be rāye tāzhatarin tash banobim,ما منتظر تازه ترین آتش خواهیم ماند,برا یه آتیشی نو صبر میکونیم,barā ye ātishi no sabr mikunim,ما برِی تازه‌ترین آتیش منتظر می‌مونیم,Ma barey tāzetarin ātish montazer mimunim,او چاقون نُمُبُره,u châqun nomobore
Pashto,Pashto,General,Pashto-English Bilingual Sentiment Corpus,ده سى واىاچى ده نه جوړىګى,به این معناست که، ساخته نخواهد شد.,"Means that, it will not build .",یعنی نَمسازِهَ,yani namsāzeha,ینی هیچ وقت تمام نیبو,yani hich vaqt tamām nibu,یعنی این‌که، کار نَکَنه.,"yani inke, kār nakane.",یَعنی اٍن کو ساختَه مَنٍبو.,yani en ko sākhta manebu,یانی کار نەکەید,yāni kār nakeyd,yani sāt nashut,به ای معناست که، ساخته نخواهد شد.,یعنی میگن این ساخته نیمیشد,yaani migan in sākhte nimished,یَنی ساخته نمی‌شه,Yani sākhteh namisheh,اونارِ بِذِرِن تو اِشکاف,unâre bezarin tu eshkâf
Pashto,Pashto,General,Pashto-English Bilingual Sentiment Corpus,له که چی په لسو کارګرانو یی جوړوی چی ۱۵ کاله وخت نیسی,با اینکه از ده کارگر تشکیل شده است، 15 سال طول می‌کشد.,"Although it is made up of ten workers, it takes 15 years",اَرچِ ده تا كارگر دارَ، پونزده سال طولِ كَشَ,arche dah tā kārgar dāra ponzdah sāl tole kasha,ده نفری ریش کار ایکنن پونزده سال طول ایکشه,dah nafari rish kār ikenan punzdah sāl tul ikesheh,گَرچه از ۱۰ تا کارِگَر تَشکیل بابا، ۱۵ سال طول کَشِنه.,"garche az 10 ta karegar tashkil bābā, 15 sāl tul kashene.",با اٍنی کو دَس کاریگٍری دَرَن، پُنزَه سالی طول مِنجِه.,"bā eni ko das kārigeri daran, ponza sāli tul menje.",وە ده گەله فەله تشکیلوو بیه، ئەما پانزە ساڵ توول کێشه‌د,"wa da gela fala tashkilow biya, ama pānza sal tul kished",agerche az datā kāregar sāteshta vali punza sāl tule kashe,با اینکه از ده کارگر تشکیل شده، ۱۵ سال طول میکشه.,درسه که ده تا کارگر ساختندش اما پونزه سال طول کشید,dorosse ke daa tā kārgar sākhtandesh amā punzaa sāl tul keshid,با ایکه دَ تو کارگر داره،‌ پونزَ سال طول می‌کشه,"Bā ike da to kārgar dāreh, punza sāl tul mikeshe",اِقذر توشله بازی نکن,eqadar tushele bâzi nakon
Pashto,Pashto,General,Pashto-English Bilingual Sentiment Corpus,داسې معلومېږي چې لوگر ته به هم نور خلک طياره کښې ځي ...,به نظر می‌رسد که سایر افراد نیز با هواپیما به لوگر خواهند رفت ...,It seems that other people will also go to Logar by plane ...,مَرسی بقیه مردمم پِ طَيارِ بِرُوِن لوگار,maresi baghiyeh mardomam pe tayāre berown logār,فکر ایکونوم بوقیشین بی هواپیما ایرن لوگار,fekr ikonom bowqishun bey havāpeymā iren Logar,به نَظَر آنه که بَقّیه آدَمِشان هم با تَیّاره شونِن لوگار.,be nazar āne ke baghiye ādameshān ham bā tayāre shonen Logār.,خالمٍکَه اَفرادی دیگٍری هَم با هٍواپِیمِن لوگٍر مٍشین.,khālmeka afrādi digeri ham bā hevāpeymen luger meshin.,وە نەزەر تێیەی ئاێمەیل ترَکیش و هواپەیما چەنە لۆگار,wa nazar tiyey āyemeyle terakish wa hawāpeymā chena logār,be cha merasa ge ādamoye be ji bano khoze havāpeimā be Logere shan,به نظر میرسه که سایر افراد نیز با طیاره به لوگر خواهند رفت ...,انگار بقیه مردومم با هواپیما میرن لوگار,engār baqiye mardumam bā havāpeyma miran logār,مِثکه کسوی دیگِیِم با هواپیما به لوگر می‌رن,Meske kasoy degeiam bā hāvāpeyma be logar miran,بِرِم غُطِه بُخُرِم,berem ghote bokhorim
Pashto,Pashto,General,Pashto-English Bilingual Sentiment Corpus,ددی هوایی ډګر جوړیدل هم داسی بریښی لکه مریخ ته تګ,ساخت این فرودگاه نیز به نظر می‌رسد مشابه رفتن به مریخ باشد.,The construction of this airport also looks like going to Mars,ساختن ای فرودگاهم لِف رفتن بِ مريخَ,sākhtan i forodgah lefe raftan be merikha,ساخت ای فرودگاهم می مریخ رهتنه,sakhte I forudgāham mey merikh rahtaneh,به نَظَر آنه که ساخته این فرودگاه هم مِریخ رِسِنه.,be nazar āne ke sākhte in furudgāh ham merikhe resene.,ساختی اٍن فُرودگِن هَم مٍثلی مٍرّیخ بٍشییُنی مٍمُنِه.,sākhti en forudgen ham mesli merrikh beshiyoni memone.,وە نەزەر تێیەی دۆرۆس کەردنە ئی فڕودگاهه ڕەسەده مەڕیخ,wa nazar tiyey doros kerdene i furudgāha raseda merrikh,sātvune mo porudgāe rowe shozvun be merikhon,ساخت ای میدان هوایی نیز به نظر میرسه مشابه رفتن به مریخ باشه.,ساختنی این فرودگام تا ابد قرارس طول بکشد,sākhtani in forudgām tā abad qarāres tul bekeshed ,ساختن ای فورودگوَم عین رفتن به ماهه,Sākhtane i furudgowam eine raftan be māhe,بِرِم بالا بوم,berem balâ bum
Persian,"Dari, Zoroastrian",Yazdi,پایان‌نامه ارشد دکتر قدردان- پیوست ۲ - چند ضرب‌المثل,drāxte miva kərm az xošon.,درخت میوه کرم از خودش است. ,The fruit tree of a worm comes from itself.,كرم اَ خود درختَ,kerm a khod derakhta,دار میوه کرم و خوشه,dāre mive kerm va khosheh,دِرَختِ میوه کِرْم از خُودِشِه.,derakhte mive kerm az khodeshe,میوَه دارین کٍرم، ژین پی‌یَه.,"miva dārin kerm, zhin piya.",دارە میوە، کەرم لە خۆویه,"dāre miwa, kerm la khowya","drākhte miva kerm az khoshon.
",درخت میوه کرم از خودش است. ,کرم از خودی درخده,kerm ez khodi derakhde,درخت میوه کرم از خودشه,Derakhte mive kerm az khodeshe,بره چی اوجور پال پال مُکُنی,bere chi ujur pâl pâl mokoni
Persian,"Dari, Zoroastrian",Yazdi,پایان‌نامه ارشد دکتر قدردان- پیوست ۲ - چند ضرب‌المثل,bare bā ge mudi tā toge bā mnediza.,بیرون باغ که دیدیم تا انتهای باغ را دیده ایم. ,"Once we see outside the garden, we have seen the end of the garden.",دَر باغَ كه ديديم مَرِسی كلِ باغَ ديديمَ,dar bāgh ke didim maresi kole bāgha didima,در باغه که دیمه تا بن باغم دیدیمه,dare bāghe ke dimeh tā bone bāgham didimeh,بیرونِ باغه که بِدِیم تا تَهِ باغه بِدِیم/بوخانسوم,birune bāghe ke bedeym ta tahe baghe bedeym,بیرینی رَزی کو بٍدیمُن، خالمٍکَه تا تَیی رَزی بٍدیچیمُن,"birini razi ko bedimon, khālmeka tā tayi razi bedichimon",درە باخەگه بونی، تا تایی باخ دونی,"dāre bākhaga buni, tā tāy bākh duni",bare bā ge mudi tā toge bā mnediza.,بیرون باغ که دیدیم تا انتهای باغ را دیده ایم. ,دری باغا که دیدیم انگار تا تَشا دیده‌یم,dari bāghā ke didim engār tā taashā dideym,بیرون باغُ که دیدیم، انگو تا تَهِ باغُ دیدیم.,"Birune bāgho ke didim, engo tā tahe bāgho didim.",اِقَد راه رِفتُم پام پُفله رِفته,eqad râh raftom pâm pofle rafte
Persian,"Dari, Zoroastrian",Yazdi,پایان‌نامه ارشد دکتر قدردان- پیوست ۲ - چند ضرب‌المثل,gap agə tu šeša kre barə šu.,حرف اگر داخل شیشه کنی به بیرون درز خواهد کرد. ,"If you put a word in a jar, it will leak out.",قِصَنِ اَر مِ شيشه هم كُنی دَرزِ كُنِ در,ghesane ar me shisheh ham koni darz kone dar,ای گپه من شیشه کنی هم ایزنه در,ay gapeh men shisheh koni ham izeneh dar,حَرفِ اَگه شیشهٔ دِلِه اَکُنی، به بیرون دَرز نَکَنه.,harfe age shishe dele akoni be birun darz nakane.,حٍکاتی اَگٍه دٍلَه شیشِه کَه، بازَم بٍه بیرین دَرز ماکٍرِه.,"hekāti age dela shishe ka, bāzam be birin darz mākere.",قسە ئەگەر بکەیدە‌ی ناو شیشە، پەخشوو بوود,"ghessa aga bekeydey nāwe shisha, pakhshow bud",gap age tu shesha kre bare shu.,حرف اگر داخل شیشه کنی به بیرون درز خواهد کرد. ,حرفا اگه تو شیشه‌م کنی به بیرون درز میکونه,ghesane ar me shisheh ham koni darz kone dar,حرفه اَی داخل شیشه کنی به بیرون درز می‌کنه.,Harfe ay dākhele shisheh koni be birun darz mikoneh.,بِرِم یکم تُو بخورِم دلمان وا ره,berem yekam tu bokhorim delmân vâ re
Persian,"Dari, Zoroastrian",Yazdi,پایان‌نامه ارشد دکتر قدردان- پیوست ۲ - چند ضرب‌المثل,gap tā tu dəle xoda hokme xoda.,حرف تا در دل داری در اختیار تست.,The letter you hold in your heart is at your disposal.,قصه تا مِنِ دِلتَ مالِ خوتَ,gheseh tā mene delta māle khota,تا حرف من دلته من دسته,tā harf men deleteh men daseteh,حَرف تَا دِلِه مین داری، تی اختیار دره.,harfe ta dele miyan dāri ti ekhtiār dare.,حٍکاتی تا دٍلَه دٍلی دار، ژُن اٍختیار تَه دَست دَرَه.,"hekāti tā dela deli dār, zhon ekhtiyār ta dast dara.",قسە تا ها ناو دڵەت هەنە خۆوده,ghessa tā hā nāwe delet hene khowada,gap tā tu dele khoda hokme khoda.,حرف تا در دل داری در اختیار تست.,حرف تا وختی به زبون نیمده‌س مالی توئه,harf tā vakhti be zabun naymedes mali toe,حرف تا وقتی تو دلته اختیارش دسِّته.,Harf tā vaqti tu delete ekhtiāresh dassete.,جینگی برو و بیا,jingi bere o biyâ
Persian,"Dari, Zoroastrian",Yazdi,پایان‌نامه ارشد دکتر قدردان- پیوست ۲ - چند ضرب‌المثل,dəl xo sopra nahon piše hma pečo kre.,دل که سفره نیست پیش همه پهن کنی. ,The heart is not a table to spread out before everyone.,دلت سفره نی كه وَر كل گُشيِش,delet sofreh ni ke var kol goshish,دل نه سفره ی که تی همه پهنش کنی,del na sofrehye ke tey hameh pahnesh koni,دِل ‌خا سفره نِیه هَمه پیش وا هَکُنی.,del khā sofre neya hame pish vā hakoni.,دٍل سُفرَه کو نییَه، هَمُنُن گَل هیلا واکَه.,"del sofra ko niya, hamonon gal hilā vāka.",دڵ سەفره نیە ئەڕا هەر کەسیگ پانی بکەید,del sefra niya arrāy har kasig pāni bekeyd,del kho sopra nahon pishe hma pecho kre.,دل که سفره نیست پیش همه پهن کنی. ,دل که سفره نیس پیشی هر کس آ ناکسی پَنش کونی,del ke sofre nis pishi har kesā nakesi paanesh kuni,دل که سفره نیس که پیش همه پهنش کنی.,Del ke sofreh nis ke pishe hameh pahnesh koni.,جَلدی می‌یی,jaldi miyi
Persian,"Dari, Zoroastrian",Yazdi,پایان‌نامه ارشد دکتر قدردان- پیوست ۲ - چند ضرب‌المثل,xerso šnə āhəngəri bāšta.,خرس را به آهنگری بسته‌اند.,A bear has been tied to a blacksmith.,خرسِ بَسِنِ به آهنگری,kherse basen be āhangari,خرس به اهنگری بسنه,kherse be ahangari baseneh,خِرسِ آهنگری دَوِسَن.,kherse āhangari davesan.,خٍرسی بٍبٍرچیشُن اُوْنگٍری.,khersi beberchishon owngeri.,خەرس بسەنە و ئاھەنگەری,khers basena wa āhangari,kherso shne āhengeri bāshta.,خرس را به آهنگری بسته‌اند.,خرسا بسه‌ن به آهنگری,khersā bassaan be āhangeri,خرسو به آهنگری بسَّن.,Kherso be āhangari bassan.,اِقذر جز نزن,eqadar jaz nazan
Persian,"Dari, Zoroastrian",Yazdi,پایان‌نامه ارشد دکتر قدردان- پیوست ۲ - چند ضرب‌المثل,agə ow šə tu yāna ə vəka ge bekuze nahārza bikār be.,اگر باید آب را در هاون کند که بکوبی نمی‌گذارد بیکار باشی. ,"If you need to grind water in a mortar to break it down, it doesn't allow you to be idle.",اَر وَنت اوِ مِن هاونِ كند كويی نَمهِلَت بيكار بويی,ar vanet ow men hāvane kond kowi namhalat bikar bowi,ای همی یو بود که اوه وت بده من هاون بکوبی ایدت,ay hami yo bu ke oweh vat bedeh men hāvan bekubi idet,اَگَر آبه ‌هاونه مین دَکُنِن، نِزارنِن تو بیکار بی.,agar ābe hāvane miyan dakonen nezārnen to bikār bi.,اَگٍه گیابو اُوْ دٍلَه هُوٍنگی بَکوتَن، تَه مٍنارزِه ویکار با.,"age giyābu ow dela hovengi bakutan, ta menārze vikār bā.",ئەگەر بایه ئاو لە هاوان بکەید تا بۆکوتی، نەیڵێد بیکاڕوو بوود,"agar bāya āw la hāwan bekeyd tā bokoti, neyled bikārow bud",agə ow she tu yānae veka ge bekuze nahārza bikār be.,اگر باید آب را در هاون کند که بکوبی نمی‌گذارد بیکار باشی. ,شده‌س میگد آبا تو هاون بوکوبی اما نیمی‌ذارد ول بگردی,shodees miged āba tu hāvan bukubi ammā nimizāred vel begardi,ای آبُ تو هوَنگ کنه که بوکوبی، نَمی‌ذاره بیکار باشی.,"Ay ābo tu howang koneh ke bukubi, namizāreh bikār bāshi.",چینگِتِ وا کن,chinget vâ kon
Persian,"Dari, Zoroastrian",Yazdi,پایان‌نامه ارشد دکتر قدردان- پیوست ۲ - چند ضرب‌المثل,"kur agə bāzār našu bāzār gənə prāna. 
",کور اگر بازار نرود بازار می‌گندد.,"If a blind person doesn't go to the market, the market will rot.",کور اَر نَروِ بازار، بازار گَندَ,"kor ar narowe bāzār, bāzār ganda",کور ای نره بازار بازار گند ایکنه,kur ay nareh bāzār bāzār gand ikoneh,کُور اَگه بازار نُشه، بازار گَندِنه.,kur age bāzār noshe bāzār gandene,کور اَگٍه واژار نَشو، واژار مٍگُندییِه,"kur age vāzhār nashu, vāzhār megondiye",کور ئەگەر نەچوودا بازاڕ، بازاڕ گه‌نە,"kur agar nachuda bāzār, bāzār gane",kur agə bāzār nashu bāzār gene prāna. ,,کور اگه بازار نَرِد بازار می‌گندِد,kur ege bāzār nared bāzār miganded,کور اَی بازار نره بازار می‌گنده.,Kur ay bāzār nareh bāzār migandeh.,یره چقد خیت رِفت,yere cheqad khit raft
Persian,"Dari, Zoroastrian",Yazdi,پایان‌نامه ارشد دکتر قدردان- پیوست ۲ - چند ضرب‌المثل,owdə kize āxəra.,آیت کرت آخر است. ,you’re finished / it’s over for you,كارِت تَمومَ,kāret tamoma,د کارت تمومه,de kāret tamumeh,این آخَرین دَفعه‌.,in ākharin dafa',اٍن آخٍرین کَردَه‌یَه.,en ākherin kardaya.,یه کەرتە ئاخەرە,ya kerte akhera,owde kize ākhera.,,کارد تمومه,kāred temume,آیت کارت آخره.,Āyat kāret akhere.,کِلَم دِلنگون بود سرگیجا رِفتُم,kelam delengun bud sargijâ raftom
Persian,"Dari, Zoroastrian",Yazdi,پایان‌نامه ارشد دکتر قدردان- پیوست ۲ - چند ضرب‌المثل,čākən həmiša toge čāha.,چاه کن همیشه ته چاه است. ,The digger is always at the bottom of the pit.,چَه كن هميشه ته چه است,chah kan hamisheh tah chah ast,چه کن همیشه من بن چهیه,chah kan hamisheh men bone chahyeh,چاه کَن همیشه تَهِ چاه دره.,chāh kan hamishe tahe chā dare,چاخو هَمیشَه تَیی کِئین دَرَه.,chākhu hamisha tayi kein dara.,چاکن هەمیشە ها تای چا,chākan hamisha hā tāy chā,chāken hemisha toge chāha.,آیت کرت آخر است. ,چا کِن همیشه ته چاس,chā ken hamishe taa chāās,چاکَن همیشه تَ چاهه.,Chākan hamisheh ta chāhe.,چی دولَخ رِفت,chi dolakh raft
Persian,"Persian, Iranian",General,ParsiAI/snappfood-sentiment-analysis,قیمت غذا مسبت به حجم غذا خیلی خیلی گرون و غیر منصفانه ست ساندویچ هیولای ژامبون در حد بچه غول هم نبود و اصلا هم خوشمزه نبود اما ساندویچ چوریتسو عالی و بسیار بسیار خوشمزه بود,قیمت غذا مسبت به حجم غذا خیلی خیلی گرون و غیر منصفانه ست ساندویچ هیولای ژامبون در حد بچه غول هم نبود و اصلا هم خوشمزه نبود اما ساندویچ چوریتسو عالی و بسیار بسیار خوشمزه بود,"The price of food is very, very expensive and unfair compared to the portion size. The giant ham sandwich was not even at the level of a baby giant and was not tasty at all, but the chorizo sandwich was excellent and very, very delicious.",قیْمت غذا نسبت به حجم غذا خيلی خیلی گرون است ساندویچ هیولای ژامبون در حد بچه غول هم نَبيد و اصنم هم خوشمزه نبید ولی ساندویچ چوریتسو عالی و بسیار بسیار خوشمزه بید,ghaymet ghazā nesbat be hajm ghazā kheyli kheyli gron ast sāndevich hayolāye jhambon dar had bache ghol ham nabid va asanam ham khoshmazeh nabid vali sāndevich choritso āali va besyār besyār khoshmaze bid,ایقد غذا و قیمتش نیارزه ساندویچ هیولای ژامبون قد بچه غولم نبی و اصن طوم نداشت اما ساندویچ چوریتسو خوب و خوش طوم بید,iqad ghazā va qeymatesh niyarzeh sandviche hayulaye zhāmbun qade bacheh ghulam nabi va asan tum nadāsht amā sandvich choritso khubo khosh tum bid,غذا قیمت به نِسبَتِ اینه حجم خیلی گِران و غِیرِ مُنصِفانه هِسِه، ساندویچِ هیولای ژامبون در حَدِ وَچه‌غول هم نَبا، اَما ساندویچِ چوریتسو عالی و بسیار بسیار خوش‌مَزه با.,"ghazā gheymat be nesbate ine hajm kheili gerān o gheire monsefāne hese, sandeviche hayulāye zhāmbon dar hade vache ghul ham nabā ama sāndeviche choritso āli o besyār besyār khoshmaze bā.",قِیمٍتی چی نٍسبٍت بٍه میقدار غٍذایی، خِیلی گٍرُنَه وُ مُنصٍفانَه نییَه. ساندِویچ هَیولایی ژامبون، دٍر حَدّی وَچَه غولی هَم نَبا، اَصلَن هَم بامَزَه نَبا، اَمّا ساندِویچی چوریتسو عالی و خِیلی بامَزَه با.,"qeymeti chi nesbet be miqdār ghezāyi, kheyli gerona vo monsefāna niya. sāndevich hayulāii zhāmbun, der haddi vacha ghuli ham nabā, aslan ham bāmaza nabā, ammā sāndevichi churitsu āli o kheyli bāmaza bā.",قەیمەتە ئاو یەی زڕه قەزا نێسبەت وە ئەندازەی فره فره بان بی. وەڵا حەق نەیێو. ساندوێجەگێ هەیولای ژەمبۆن لە حەد یەی منالە غولێگیش نەیێو. ئەصڵنیش مەزه نیاشت. وەڵی ساندوێجە چوریتسو فره خاس بی فره فره خۆشمزه بی,gheymate āw yey zarra ghazā nesbat wa andāzey fera fera bān bi. welā hagh neyw. sāndewije hayulāy zhambon dar hadde yey menāle ghuligish neyw. aslanish maza niyāsht. wali sāndewije churitsu fera khās bi fera fera khoshmaza bi,kimate chom nesbat be hajmosh kheyli kheyli gerunon o ziāti gerunon sāndeviche hayulāye zhāmbon kade vache ghul ji nabo aslosh ji mazash nadārt vali sāndeviche choritso āli o kheyli kheyli khash bo,چاه کن همیشه ته چاه است. ,قیمتی غذا نسبت به حجمی غذا خیلی خیلی گرونه‌س. ساندویچی هیولای ژامبون در حدی بچه غول هم نبود و اصنم خوشمزه نبود اما ساندویچ چوریتسو خب آ خوشمزه بود,gheymeti ghazā nesbat be hajmesh kheyli kheyli gerunes sāndevichi hayulāye zhambon dar haddi beche qulam nabud asanam khoshmazze nabud ammā sāndevichi choritso khobā khoshmaze bud,قیمت غذا نسبت به حجم غذا خیلی خیلی گرون و غیرمنصفانه‌ن. ساندویچ هیولُی ژامبون در حد یِی بچه غولی هم نبود و اصلاً هم خوشمزه نبود اما ساندویچ چوریتسو عالی و بسیار بسیار خوشمزه بود.,Qeymate ghazā nesbat be hajme ghazā kheili geruno gheyremonsefānan. Sāndeviche hayuloy zhāmbon dar hadde yey bachcheh ghuli ham nabud va aslan ham khoshmazeh nabud ammā sandeviche choritso ālio besyār besyār khoshmazeh bud.,رختاتو رو رِیجه بنداز,rekhtâtu ru rije bandâz
Persian,"Persian, Iranian",General,ParsiAI/snappfood-sentiment-analysis,لطف کنید از عکس‌های اینترنتی استفاده نکنید و عکس خوده محصولتون رو بزارید. اخه این کجا و اون کجا. متاسفام,لطف کنید از عکس‌های اینترنتی استفاده نکنید و عکس خوده محصولتون رو بزارید. اخه این کجا و اون کجا. متاسفام,Please do not use internet photos and upload a picture of your actual product. This is not the same as that. I'm sorry.,بی زحمت اَ عكسا اينترنتی استفاده نكنيد و عكس همون چيه وَنيد. خُب ای كجا و او كجا. متاسفم,bi zahmat a aksā interneti estefādeh nakonid va akse hamon chiyeh vanid. khob i kojā va o kojā. moteasefam,لطف کنین و عکسل اینترنتی استفاده نکنید و عکس محصولتونه بیلین. یو کجا و وو کجا. متاسفم,lotf konin va aksale interneti estefādeh nakonid va aks mahsuletuneh beylin yo koja'ow vo koja. Motasefam,لُطف اَکونین از عکسِ اینترنتی استفاده نَکونین و عکسِ خُوده محصول بَنین. آخِه این کُجه و اون کُجه. مُتأسِفَم.,lotf akonin az akse interneti estefāde nakonin o akse khode mahsule banin. akhe in koje o un koje. mota'sefam,لُطف هاکٍرین عَکسایی اینتٍرنٍتی پی ایستیفادَه ناکٍرین، اون عَکسایی کو خوشتٍرَه دُرُست کٍرچیتُن وارزین، آخٍه اٍنی کُجَه وُ اونی کُجَه. مُتَأسٍفون,"lotf hākerin aksāii interneti pi istifāda nākerin, oun aksāii ko khushtera dorost kerchiton vārzin, ākhe eni koja vo ouni koja. motaessefun",لطف بکەین و ئکسەیڵ ئینتەرنتی ئستفادە نەکەین و ئکسە مەحصولە خۆدان بیڵین. ئاخە یه کۆره ئاوا وە کۆره؟ موتەئەسفەم,Lotf bekeyn wa akseyle interneti estefade nakeyn wa akse mahsule khowadān bilin. Akhe ya kura āwa wa kura? moteassefem,marhamat vekri o az aksāye interneti estefāde makrid o akse khoe mahsul ro onit ākhe mo koyā o o koyā mota'sefe,قیمت غذا مسبت به حجم غذا خیلی خیلی گرون و غیر منصفانه ست ساندویچ هیولای ژامبون در حد بچه غول هم نبود و اصلا هم خوشمزه نبود اما ساندویچ چوریتسو عالی و بسیار بسیار خوشمزه بود,لطفا از عکسا اینترنتی استفاده نکونین آ عکسی خودی محصولدونا بذارین. متاسفم,lotfan ez aksā interneti estefāde nakunin ā aksi khodi mahsuledunā bezāriz. moteasefam لطفا از عکسا اینترنتی استفاده نکونین آ عکسی خودی محصولدونا بذارین. متاسفم,لطف کنید از عکسوی اینترنتی استفاده نکنید و عکس خود محصولتونه بذارین. آخه ای کجو و او کجو. متأسفم.,Lotf konid az aksoy interneti estefādeh nakonid va akse khode mahsuletune bezārin. Ākhe i kojo o u kojo. Mote’asefam.,غِضا رو گاز شور بِدِن جِذغاله نره,ghezâ ro gâz shur bedin jezghâle nare
Persian,"Persian, Iranian",General,ParsiAI/snappfood-sentiment-analysis,شدیدا اسیب دیده بود (طبق عکس اپلود شده),شدیدا اسیب دیده بود (طبق عکس اپلود شده),Had been severely injured (according to the uploaded photo).,كَپِس بيد,kapes bid,و کل خرد و بر ووبی,va kol khordo bar vowbi,شدید آسیب بِدِیه با (طبقِ عکسِ آپلود شُده).,shadid āsib bedeye bā (tebghe akse āplod shode),خِیلی خٍراب بٍبابا,kheyli kherāb bebābā,فره خەراو بی (جۆرە ئکسەگێ کە ئاپلۆود بیا),fera kherāw bi (jure aksagey ke āplowd biya),kheyli dāghune bzabo,لطف کنید از عکس‌های اینترنتی استفاده نکنید و عکس خوده محصولتون رو بزارید. اخه این کجا و اون کجا. متاسفام,اِدِرا وادر شده بود,ederā vāder shode bud,بدجور آسیب دیده بود (طبق عکس آپلودشده),Badjur āsib dideh bud (tebqe akse āplowdshodeh),به چُخ رِفت,be chokh raft
Persian,"Persian, Iranian",General,ParsiAI/snappfood-sentiment-analysis,به جای کیک وانیلی کاکائویی، کیک کاکائویی ساده ارسال شده بود.,به جای کیک وانیلی کاکائویی، کیک کاکائویی ساده ارسال شده بود.,"Instead of vanilla cocoa cake, a plain cocoa cake was sent.",اَ جا كيك وانيلی کاکائویی، کیک کاکائویی ساده فِرستادِن بيد,"a jā keyke vānili kākāoei, keyke kākāoei sādeh ferestāden bid.",جی کیک وانیلی کاکایویی کیک کاکایویی بسی کردنه,jey keyke vanili kaka'uyi keyke kaka'uyi basi kerdeneh,جای کیکِ وانیلی‌ه کاکائویی، یه کیکِ کاکائویی ساده ارسال اَکوردِن.,"jaye keyke vānili kākāoi, ye keyke kākāoi sāde ersāl akorden.",بٍه جایی کِیکی وانیلی کاکائویی، کِیکی کاکائویی سادِه وِسی بٍبابا.,"be jāyi keyki vānili kākāuyi, keyki kākāuyi sāde vesi bebābā.",وە جی کێیکە وانیلی کاکاوویی، کێیکە کاکاوویی سادە کل کەردون,"wa ji keike wānili kākāoui, keike kākāoui sāda kel kerdun ",yāge keyke vānili kākāui keyke kākāui sāda shnefta bo,شدیدا اسیب دیده بود (طبق عکس اپلود شده),جا کیکی وانیلی کاکائویی، کیکی کاکائویی ساده فرساده بودن," jā keyki vānili kākāoei, keyki kākāui sāde fersāde budan",جوی کیک وانیلی کاکائویی، کیک کاکايویی ساده ارسال شده بود.,"Joy keyke vanili kākā’ui, keyke kākā’uie sādeh ersal shodeh bud.",به چُخ نری,be chokh nari
Persian,"Persian, Iranian",General,ParsiAI/snappfood-sentiment-analysis,خورشتش مزه آب میداد و ٩٥٪‏ حجم قیمش لپه بود: / اصلا پیشنهاد نمیکنم!!:,خورشتش مزه آب میداد و ٩٥٪‏ حجم قیمش لپه بود: / اصلا پیشنهاد نمیکنم!!:,The stew tasted watery and 95% of the volume of the meat was lentils: / I definitely do not recommend it!!:,خورشش مِزه اوِ داد و ٩٥٪؜ حجم قيمش لپه بيد. اصن نَمگُمِت گِری,khoreshesh mezeh owe dād va 95% hajm gheymash lapeh bid. asan nagomet geri.,خورشش طوم او ایداد همشم لپه بی. مو هم نیگوم که بسونین,khoreshesh tume ow idad hamasham lapeh bi. Mo ham nigom ke besunin,اینه خورش مَزه آب دنه با، ٪۹۵ حجم قیمه ‌لپه با؛ اَصلَن پیشنهاد نَکونُم.,ine khoresh maze āb dane bā %95 ine gheyme lape bā aslan pishnahād nakonom.,ژو خورِش اُوْین مَزَه دٍردِش و نُوِه وُ پَنج دَرصَدی ژو قِیمٍتی لَپِه بِن، اَصلا سٍفارٍش مٍناکٍرون.,"zho khuresh owvin maza derdesh o nove vo panj darsadi zho qeymeti lape ben, aslā sefāresh menākerun.",خۆرشتەگێ مزەی ئاو دیا، گەشتیشی لەپە بی، ئەصلن پێشنهاد نه‌کەم,"khoreshtagey mazey āw diyā, geshtishi lappa bi, aslan pishnāhād nakam",khoreshtosh maze ow shedā o navado panj darsade hajme gheymash lapa bo aslosh chi pishnahād nakre,به جای کیک وانیلی کاکائویی، کیک کاکائویی ساده ارسال شده بود.,خورشتش طعمی آب میداد آ 95 درصد قیمه‌ش لپه بود :/ اصی پیشنهاد نیمیدم,khoreshtesh taami āb midād ā 95% gheymesh lappe bud asi pishnahad nimidam,خورشش مزِّی آب می‌داد و نود و پنج درصد حجم قیمه‌ش لپّه بود. اصلا پیشناهاد نَمی‌کنم.,Khoreshesh mazzey āb midād va navado panj darsade hajme qeymash lappe bud. Aslan pishnāhād namikonam.,بِرِ مو فِنتی نِدِره,bere mo fenti nedâre
Persian,"Persian, Iranian",General,ParsiAI/snappfood-sentiment-analysis,بسیار عالی و به موقع، ممنونم,بسیار عالی و به موقع، ممنونم,"Very good and timely, thank you.",خیلی خوب و سر وقت، ممنونم,"kheyli khob va sar vaght, mamnonam.",مهلی خش بی و سر وقت. ممنونم,mahli khash bi va sare vaqt. Mamnunam,بسیار عالی و خوش‌موقع، ممنونُم.,"besyar āli o khosh moghe, mamnunom.",خِیلی عالی و بٍه مُوْقَه با، مَمنینون.,"kheyli āli o be mowqa bā, mamninun.",فره خاسو وە موقە، ده‌سەدان دەرد نه‌کەی,"fera khāso wa mogha, dasedān dard nakey",kheyli āli o be mowqa mamnunam,خورشتش مزه آب میداد و ٩٥٪‏ حجم قیمش لپه بود: / اصلا پیشنهاد نمیکنم!!:,خیلی عالی و سری وخ... ممنونم,"kheyli āliyā sari vakh, mamnunam.",خیلی عالی و به‌موقع. ممنون از شُمو.,Kheili ālio bemoqe‘. Mamnun az shomo.,می‌یی بِرِم قله,miyi berem qale
Persian,"Persian, Iranian",General,ParsiAI/snappfood-sentiment-analysis,حجم ساندویجش کلا نصف شده!,حجم ساندویجش کلا نصف شده!,His sandwich size has completely halved!,حجم ساندویچش کلا نصف بوِس بيد,hajm sāndevichesh kolan nesf bowes bid,ساندویچش نصف ووبیده,sandvichesh nesf vobideh,حَجمِ ساندویچ کُلان نِصف با.,hajme sandevich kolan nesf bā,ساندٍویجین اٍندازَه نٍصف بٍبابا.,sāndevijin endāza nesf bebābā.,حەجمە ساندوێجەگێ کۆلن دو کۆتۆو بوو,hajme sāndewijagey kolan do kotow bu,hajme sāndevichosh aslan nesfa beza,بسیار عالی و به موقع، ممنونم,حجمی ساندویچش کلا نصف شده‌س,hajmi sāndevichesh kolan nesf shodees,حجم ساندویچش کلاً نصف شده!,Hajme sāndevichesh kollan nesf shodeh!,تُو قله قُربِغه زیاد دِره,tu qale qorbeqe ziyâd dare
Persian,"Persian, Iranian",General,ParsiAI/snappfood-sentiment-analysis,عالی.. فقط جای یه چنگال خالی بود,عالی.. فقط جای یه چنگال خالی بود,Great.. there was just one empty spot for a fork.,همه چی خوب، فقط جای یَ چنگال خالی بید,"hame chi khob, faghat jaye ya changāl khāli bid",عالی بی فقط جی چنگال خالی بی,āli faqa jey changāl khāli bi,عالی… فقط یه چَنگاله‌جا خالی با.,āli .. faghat ye changāle ja khāli bā,عالی با، فَقٍد جایی اییَه چٍنگالین خالی با.,"āli bā, faqed jāyi iya chengālin khāli bā.",خاس ... فەقەت جی یەی چەنگیریگ خالی بی,khās ... faqad ji yey chengirig khāli bi,āli ... paghat yāge yaki changāl khāli bo,حجم ساندویجش کلا نصف شده!,خب بود... فقط جا یه چنگال خالی بود,"khob bud, faghat ja ye changāl khāli bud",عالی. فقط جوی یِی چنگالی خالی بود.,Āli. Faghat joy yey changāli khāali bud.,به او کُچه سگ اُو بِدِن بُخُرِ,be u kuche sag u bedin bokhore
Persian,"Persian, Iranian",General,ParsiAI/snappfood-sentiment-analysis,فوق العاده بی نمک بود و بوی تند گوشت میداد,فوق العاده بی نمک بود و بوی تند گوشت میداد,It was extremely bland and had a strong smell of meat.,کَلِ بيد و بو گوشتِ داد,kale bid va bo  goshte dād,مهلی بی نمک بی او بوی ضخم گوشت ایدا,mahli bi namak bi o buye zokhme gusht idad,فوق‌العاده بی‌نَمَک با و بوی تُندِ گوشت دانه با.,fogholāde bi namak bā va boye tonde gusht dane bā,خِیلی بی‌نٍمٍک با وُ بویی تُندی گوشتی مادِش.,kheyli binemek bā vo buyi tondi gushti mādesh.,فره بی نمک بی، بوی گه‌نە گوشتیش دیا,"fera bi nemak bi, buy gane gushtish diyā",kheyli kheyli bimnak bo o buze tonde gush shadā,عالی.. فقط جای یه چنگال خالی بود,خیلی بی‌نمک بود و بو تندی گوش میداد,kheyli binamek budā bu tondi gush midād,فوق‌العاده بی‌نمک بود و بوی تند گوشت می‌داد.,Fogholādeh binamak bud va buye tonde gusht midād.,اینا کُخ دِرَن,inâ kokh daran
Persian,"Persian, Iranian",General,ParsiAI/snappfood-sentiment-analysis,اول اینکه بوی بدی داشت دوم اینکه به همه چیز میخور به جز رست بیف جوری که منو یاد گوشت آب پز داخل دیزی انداخت بسیار خیس بود نان خشک و بد مزه‌ای داشت لطفا تناسب مایعات رو رعایت کنید احتمالا آخرین بار هست که سفارش از اینجا میدم,اول اینکه بوی بدی داشت دوم اینکه به همه چیز میخور به جز رست بیف جوری که منو یاد گوشت آب پز داخل دیزی انداخت بسیار خیس بود نان خشک و بد مزه‌ای داشت لطفا تناسب مایعات رو رعایت کنید احتمالا آخرین بار هست که سفارش از اینجا میدم,"First of all, it had a bad smell. Secondly, it touched everything except the roast beef, in a way that reminded me of boiled meat in a stew. It was very wet and had a dry and unpleasant bread. Please maintain the balance of liquids; this is probably the last time I order from here.",اول اين كه بو بدی بداد بعدشم به همه چی بُرد الا رست بیف. مُنِ يادِ گوشت آب پز مِن ديزی بِس. خیلیِ فيس بيد. نونش راق بيد و بد مِزِه. زیاد او نریزید مِنِش. بعد ايان اَ ايچون دَ گِ چی نَمخوام,avāl inke boye badi dāsht badesham be hame chi bord elā rostbif. mone yāde gosht āb paz men dizi bes. kheyli fes bid. nonesh rāgh bid va bad meze. ziyād ow narizid menesh. bade iyān a ichon da ge chi namkhām,اولش یه که بد بو بی دومش یه که و هرچه ایخه غیر رست بیف طری که مونه ویاد گوشت من اوگوشت انداخت. خیلی اوکی بی و نونشم خشک و بد طوم بی. نسبت اوشه حفظ کنین. بار اخره که اینجو سفارش ایدم,avalesh ye ke bad bu bi dovomesh ye ke va har che ikha gheyre rostbif. Tari ke mone yāde gushte mene owgusht endakht. Kheyli owaki bi va nunesham khoshko bad tum bi. Nesbat owshe hefz konin. Bāre ākhareh ke injo serāresh idom,اَوَل این‌که بویِ بَدی دنه با، دُوُم این‌که هَمه چیِه خارنه با جُز رُست‌بیفه که مِره یادِ گوشتِ آب‌پَزِ دیزی مین بِن‌داخته؛ بسیار خیس با، نان خُشک و بَد‌مَزه‌ای با. لُطفاً تَناسُبِ مایعات رو رعایت اَکونین؛ احتمالاً آخَرین باره که ایجه سفارش دنُم.,"aval inke boye badi dane bā dovom inke hame chie khārne bā joz rost bife ke mere yade gushte ābpaze dizie miyan bendakhte besyār khis bā, nān khoshko bad mazei bā, lotfan tanasobe māyeāte roāyat akonin ehtemālan akharin bare ke ije sefāresh danom",اُوٍّل اِن کو بویی بَدی دٍردِش، دویُّم اٍن کو بٍه هَمَه چی مُخورد، غِیری رَست بیف، جوری کو گوشتی آب پِزی کو دٍلَه دیزین وٍندِش خِیلی خُستَه بِبابا، نونی خُشک و بَدمَزِه‌ای دٍردِش. لُطفَن اٍندازِه‌ای مایِعاتی رٍعایٍت هاکٍرین. اٍحتٍمالَن آخٍرین دَفَه‌یَه کو اٍنجو چی مارون.,"ovvel en ko buyi badi derdesh, doyyom en ko be hama chi mokhurd, gheyri rast bif, juri ko gushti āb pezi ko dela dizin vendesh kheyli khosta bebābā, nuni khoshk o badmazeyi derdesh. lotfan endāzei māyeāti reāyet hākerin. ehtemālan ākherin dafaya ko enju chi mārun.",ئه‌وەڵ یه کە بوی گه‌نێگ دیاد، دۆوەم یه کە وە گەچەشت خواردیا جز ڕۆست بیف، کە کەفتەمه یادە گوشتە ئاوپزە ناو ئاگوشت، فره خیس بی، نانی خۆشک و بدمزه بی. لطفی بکەین ئەندازەی مایعاتو تاناسوبی ڕۆعایت بکەین، دی بارە ئاخەره وە ئیره سەفارش دەم,"awal ya ke buy ganig diyād, dowom ya ke wa gechesht khwardiā joz rost bif, ke kaftema yāde gushte āwpaze nāw āwgush, fera khis bi, nani khoshko badmazza bi. Lotfi bekeyn andāzey māyeātu tanāsowi roāyat bekeyn di bāre akhera wa ira sefāresh dam",aval moyege buze badish dārt dovom moyege behmachia kha bejoz rostbif juri ge ma she vire gushte ow paze tu diza va kheyli khis bo nune hoshk o badmazeish dārt lotfan tanāsobe māye‘āt ro re‘āyat okri ahtemālan ākharin karatian ke sefāresh az muyete ,فوق العاده بی نمک بود و بوی تند گوشت میداد,اول اینکه بو لاش میداد دوم اینکه به همه چی میخورد الا رست بیف یه جور که منا یاد گوشتی تو دیزی انداخت خیلی خیس بود نونش خشکا قاقاله‌ی بود لطفا تناسبی مایعاتا رعایت کونین احتمالا این باری آخرس که ازینجا سفارش میدم,avāl inke bu lāāsh midad dovvom inke be hame chi mikhord ellā rostbif ye jur ke mmanāyādi gushti tu dizi endakht kheyli khis bud nunesh khoshkā qaqaley but lotfan tanāsobi māyeāātā reāāyet kunin ehtemālan in bāri ākheres ke ezinja sefāresh midam,اول ایکه بوی بدی دُشت دوم ایکه به همه چی می‌خورد به جز رست بیف جوری که منو یاد گوشت آبپز داخل آبگوشت انداخت خیلی خیس بود نون خشک و بدمزه‌ای دُشت لطفاً تناسب مایعاته رعایت کنین احتمالاً آخرین باره که از اینجو سفارش می‌دم.,Aval ike buye badi dosht dovom ike be hame chi mikhord be joz rost bif juri ke mano yāde gushte ābpaz dākhele ābgusht endākht kheili khis bud nune khoshko badmazei dosht lotfan tanāsobe māye‘āte ra‘āyat konin ehtemālan ākherin bāre ke az injo sefāresh midam.,کوشاتو بپوش بِرِم,kushâtu bepush berem
Persian,"Persian, Iranian",Isfahani,https://www.delgarm.com/isfahani-dialect-training.a240735,پَ چرا نیمییَیْ؟,پس چرا نمی‌آیی؟,So why aren't you coming?,پَ اَچِ نَميايی؟,pa ache namyāei,سی چه نیی,si che niyey,پس چِرا نیانی؟,pas cherā niyāni?,پَس چٍرَه مٍنییا؟,pas chera meniyā,په ئەڕا نێتیەی؟,pa arrā nyatiey?,pa chera nāye,اول اینکه بوی بدی داشت دوم اینکه به همه چیز میخور به جز رست بیف جوری که منو یاد گوشت آب پز داخل دیزی انداخت بسیار خیس بود نان خشک و بد مزه‌ای داشت لطفا تناسب مایعات رو رعایت کنید احتمالا آخرین بار هست که سفارش از اینجا میدم,پَ چرا نیمییَیْ؟,pa cherā nimiyay,پس چرو نَمیوی؟,Pas chero namyoy?,کَق که نِدِره,kaq ke nedâre
Persian,"Persian, Iranian",Isfahani,https://www.delgarm.com/isfahani-dialect-training.a240735,ما وَم میَیم,ما هم می‌آییم,We are coming too.,اُمونَم بِمياييم,omonam bemyāeim,ما هم اییم,mā ham iyeym,اَما هم آنیم.,amā ham ānim,هَما هَم مِن.,hamā ham men.,ئیمەیش تێیەم,imeish tieym,mā jie tāyim,پس چرا نمی‌آیی؟,ما وَم میَیم,mā vam miyaym,ما عَم میویم.,Ma am mioym.,همه جا لِمَشت رِفته,hame jâ lemasht rafte
Persian,"Persian, Iranian",Isfahani,https://www.delgarm.com/isfahani-dialect-training.a240735,دِ جَل باش,عجله کن,Hurry up,دِ يَلا,de yalā,زی وو,zi vu,عَجَله هَکون.,ajale hakon,جَلدی با.,jaldi bā.,زوو که,zu ka,zibo,ما هم می‌آییم,دِ جَل باش,de jal bāsh,زودی باش / دس بجمبون,Zudi bāsh / Das bojombun,مشدی زِق حرف مِزِنه,mashdi zeq harf mezane
Persian,"Persian, Iranian",Isfahani,https://www.beytoote.com/fun/comic-subject/master-discontinuous-esfahani.html,بولونی پَ کوجای پَ؟,پس کجایی عزیزم؟,"So where are you, my dear?",پَ كِجايی كَسونُم؟,pa kejāei kasonom,په کوونی عزیزوم,pa kuveni azizom,پس کُجه دری عزیزُم؟,pas koje dari azizom?,پَس کُجَه دَرِه عَزیزی مو؟,pas koja dare azizi mo,په هایده کوو عزیزەکم؟,pa hāyda ku azizakam?,koyāyi azize delom,عجله کن,بولونی پَ کوجای پَ؟,buluni pa kujāy pa,پس کُجُی عزیزُم؟,Pas kojoy azizom,بِره چی اقد مس مس مُکُنی,bere chi aqad mes mes mokoni
Persian,"Persian, Iranian",Isfahani,https://www.beytoote.com/fun/comic-subject/master-discontinuous-esfahani.html,بیا بریم ناهار بخوریم. وای نه یه زا آلاشغال خوردم تو دلم انقلابه.,بیا برویم ناهار بخوریم. وای نه، یک چیز آشغال خوردم، دلم به‌هم ریخته.,"Let's go have lunch. Oh no, I ate something trashy, my stomach is upset.",دِ بيا روييم نهار خورييم. وِيلَتِه چِ فِگِری خُوَردَم، دِلُم شيوِس,"de biyā roim nahār khowarim. veylateh che fegeri khowardam, delom shives",بیو بریم چاس بخریم. نه یچی آشغالی خردمه دلمه ایچی ونه,biow berim chās bekharim. na yechi āshghāli khardameh delemeh ichi veneh,بیا بیشیم ناهار بوخاریم. وای نه، یه چی آشغال بوخاردم، می دِل بِهَم بِریخته.,"biya bishim nāhār bokhārim. vay na, ye chi āshghāl bokhārdom, mi del beham berikhte. ",بیا بَشین ناهار بَخورین، وای، نَه، ای چی‌ئی آشغالی بُخوردَن، مو دٍل هُم ریتَه‌یَه.,"biyā bashin nāhār bakhurin, vāy, na, i chii āshghāli bokhurdan, mo del hom ritaya.",باو بچیم ناهار بخوێم. آی نه، یەی چەشتە گه‌نێگ خواردەمە، دڵەم شیویاسە یەک,"bāw bechim nāhār bkhweym. āy na, yey cheshte ganig khwardema, delem shiwiyāsa yak.",bio beshim chom vakhrim. vāy na ya chome āshghāli mkharta delme gale hama,پس کجایی عزیزم؟,بیا بریم ناهار بخوریم. وای نه یه زا آلاشغال خوردم تو دلم انقلابه.,biyā berim nāhār bokhorim vāy na yezā ālāshqal khordaam tu deman enqelābe,بیو بیریم ناهار بخوریم. وُی نه، یِی چی آشغالی خوردم، دلُم ریخته به هم.,"Bio birim nāhār bokhorim. Voy na, yey chi āshghāli khordam, delom rikhteh be ham.",وسی کو تقی,vasi ku taqi
Persian,"Persian, Iranian",Isfahani,https://www.delgarm.com/isfahani-dialect-training.a240735,منا تو آ حسن,من و تو و حسن,"Me, you, and Hassan.",مُنُ تونو حسن,mono tono hasan,مو و تو و حسن,mo wo to wo hasan,مِنو تو و حَسَن,meno to o hasan,اَ وُ تو وُ حَسَن.,a vo to vo hasan.,منو تۆنو حەسەن,meno tono hasan,mao to o Hasan,بیا برویم ناهار بخوریم. وای نه، یک چیز آشغال خوردم، دلم به‌هم ریخته.,منا تو آ حسن,manā tovā hasan,من و تو و حسن,Mano towo hasan,وقتی به مو گفت یهو وا رِفتُم,vaghti be mo goft yahu vâ raftom
Persian,"Persian, Iranian",Isfahani,https://www.delgarm.com/isfahani-dialect-training.a240735,گلا بلبلا سنبل,گل و بلبل و سنبل,"Flower, Nightingale, and Tulip",گل و بلبل و سنبل,golo bolbolo sonbol,گل و بلبل و سنبل,golo bolbolo sonbol,گُلو بُلبُلو سُنبُل,golo bolbolo sonbol,گُل و بُلبُل و سُنبُل.,gol o bolbol o sonbol.,گۆڵۆ بڵبڵۆ سۆمۆڵ,golu belbelu semmol,gulo bolbolo sonbol,من و تو و حسن,گلا بلبلا سنبل,golā bolbolā sonbol,گل و بلبل و سمبل,Golo bolbolo sombol,آب نُبات پیک,âb nobât pik
Persian,"Persian, Iranian",Isfahani,https://www.delgarm.com/isfahani-dialect-training.a240735,۵ آ ۴ آ ۳,۵+۴+۳,5+4+3,۵+۴+۳,5+4+3,پنج و چار و سه ریک,pango chāro se riak,پَنج به‌علاوهٔ چار به‌علاوهٔ سِه,panj be alāveye chār be alāweye se,پَنج با چار و هِیرَه.,panj bā chār o heyra.,پەنج بە ئەلاوەی چوار بە ئەلاوەی سێ,panj be alāwey chwār be alāwey se,panj o chār o se,گل و بلبل و سنبل,۵ آ ۴ آ ۳,sevā chārā panj,پنج و چار و سه,Panjo chāro seh,از هم بدر رِفتن,az ham badr raftan
Persian,"Persian, Iranian",Isfahani,https://www.delgarm.com/isfahani-dialect-training.a240735,دِ پَ چرا نیمیای؟,آخه پس چرا نمی‌آیی؟,Then why don't you come?,اوخِی پَ اَچِ نَومِيیَ,okhey pa ache naowmeya,په سیچه نیی,pa siche niyey,چِرا نِیانی پس؟,cherā neyāni pas?,آخٍه پَس چٍرَه مٍنییا؟,ākhe pas chera meniyā,یه په ئەڕا نێتیەی؟,ya pa arrā nyatiey?,ākhe cherā nāyi,۵+۴+۳,دِ پَ چرا نیمیای؟,de pa cherā nimiyay,خو پَ چرو نمیوی؟,Kho pa chero namioy?,وا لِک شُو,vâ lek shu
Persian,"Persian, Iranian",Isfahani,https://www.beytoote.com/fun/comic-subject/master-discontinuous-esfahani.html,کمرم شیت شد,کمرم داغون شد.,My back is in pain.,قَلُم بُرِس,ghalom bores,کمرم اشکست,kamarom eshkast,می کَمَر داغان بابا.,mi kamar dāghān bābā,مو کَمٍر داغُن وابا.,mo kamer dāghon vābā.,کەمەرەم شێکیا,kamarem shekyā,kmarom az beyn sho,آخه پس چرا نمی‌آیی؟,کمرم شیت شد,kamaram shit shod,کَمَرُم پُکید.,Kamarom pokid.,ور سر دو چِلِک,var sar do chelek
Persian,"Persian, Iranian",Shirazi,Manual,ای کارو که اقد اسم اسم کردن نداره که,این کار که انقدر به فس فس کردن و دیر جنبیدن نیاز ندارد.,This task does not require as much hesitation and delayed action.,پَ اَچِ اَقدَر فس فسِ كُنی,pa ache aghdar fes fese koni,نیخو این کاره فس فس کنی و معطل کنی,nikho in kāre fes fes koni o ma'tal koni,این کار خُو اندی فِس‌فِس کَردن و دیر جُنبیدن نیاز نِداره.,in kar khā andi fes fes kardano dir jonbidan niāz nedāre,اٍن کاری کو اٍنقٍد چُس چُس کٍردییُن و دیر بٍجُنبییُن نٍدارِه.,en kāri ko enqed chos chos kerdiyon o dir bejonbiyon nedāre.,ئی کارە ئەقوەره وە فس فس کەردنو دێر جۆمین نیازێ نێرێ,i kāra aqwara wa fes fes kerdeno dir jomin niāzi neyre,mo kāre ke mokade be pes pes kārtvun o kineham jomnāzvun nadāra,کمرم داغون شد.,این کار که اینقده فس زدن ندارد که,in kār ke inqade fes zedan nadāred ke,ای کارو که اقد اُسُم اُسُم کردن نداره که,I kāru ke eqad osom osom kerdan nadāreh keh,خف کن عزیزُم خف کن,khof kon azizom khof kon
Persian,"Persian, Iranian",Shirazi,Manual,یه بار دیگه ایجوری بشه می‌خوابم تو خرش,یک بار دیگر این‌طور بشود، با او دعوا می‌کنم.,"If this happens again, I will argue with him.",اَ يَرَ دِگِ ايطور بييِس پِيِش دعوا كُنُم, aa yara dege itor biyes peyesh daavā konom,ای یه دفعه دیه ایچنو ووبی دعواش ایکنم,ay ye dafe diyeh icheno vobi davāsh ikonom,یه‌باره دیگه ایتا بابا وی هَمراه دعوا کانُم.,yebāre dige itā bābā vi hamrā davā kanom,اینی دَفَه اٍنجور بَبو، ژو رَه دَعوا ماکٍرون.,"ini dafa enjur babu, zho ra davā mākerun.",یەی دەفعە تەر ئیجو بوود وە گەردی جەنگ کەم,yey dafa ter iju bud wa gardi jang kam,yakarebe mobsare bo khozod davokre,این کار که انقدر به فس فس کردن و دیر جنبیدن نیاز ندارد.,اگه یه بار دیگه هنچینکی بشد باش دعوا میکونم,ege ye bār dige hanchineki beshed bāsh daavā mikunam,یه بار دیگه ایجوری بشه می‌خوابم تو خرش,Ye bār dige ijuri besheh mikhābam tu kheresh,سِله به چُخت دِلنگونه,sele be chokht delengune
Persian,"Persian, Iranian",Shirazi,Manual,از به خوب بود کم‌پیچ گرفتم.,از بس خوب بود، دل‌پیچه گرفتم.,It was so good that I got a stomachache.,اَ چَن خوب بيد دِلُم شِوِس,a chan khob bid delom sheves,از بی خوب بی کم درد گرفتم,az bas khub bi kom dard gereftom,از بس خوب با، دِل پیچه بِیتُم.,"az bas khub bā, del piche beytom",بَسکی خُوْ با، دٍل پیچَه بِگیتَن.,"baski khow bā, del picha begitan.",ئەقوەره خاس بی، دڵەم شیویاسە وە یەک,"aqwara khās bi, delem shiwiyā wa yak",okadi khib bo delpiche prānte,یک بار دیگر این‌طور بشود، با او دعوا می‌کنم.,از بس خب بود دلم پیچ میزند,ez bas khob bud delam pich mizened,از به خوب بود کم‌پیچ گرفتم.,Az beh khub bud kompich gereftam,یَرَه گَه کارِ مو و تو دِرَه بالا می‌گیرِه,yare ga kâr mo o to dare balâ migire
Persian,"Persian, Iranian",Shirazi,https://shirazculture.blogsky.com/1387/04/24/post-20/,واسهٔ چی ؟,برای چه؟,For what?,سی چِ؟,si che,سیچه ,sicheh,چه ره ری؟,,چیچی بالا؟,chichi bālā,ئەڕا؟,arrā?,māle chechi,از بس خوب بود، دل‌پیچه گرفتم.,برا چی چی؟,barā chi chi,واسهٔ چی ؟,Vāsey chi?,ذره ذِره دِرَه عشقت تو دِلُم جا می‌گیرِه,zere zere dare eshghat tu delom jâ migire
Persian,"Persian, Iranian",Shirazi,https://www.delgarm.com/shirazi-proverb.a242671,ای خودشو با شاخ گاو درانداخته.,با کار/آدم خطرناک درافتاده.,Got involved with a dangerous person.,مِ كار يا شخص خطرناكی دَر اوفتيديِه,me kār yā shakhse khatarnāki dar oftidiyeh,قد یه ادم خطرناکی خرده,qade yeh ādame khatarnāki kherdeh,با کار/آدَمه خَطَرنَک در اَکِتی.,ba kār/ādame khatarnāk dar aketi.,با کاری/ آدَمی خَطٍرناکی دٍکٍچی.,bā kāri/ ādami khaternāki dekechi.,وە گەردە ئاێه‌مە خەتەرناکێگ دەر کەفتیه,wa garde āyeme khatarnākig dar kaftiyā,bā ādame khatarnāki barekāpta,برای چه؟,با بد کسی در افتاده‌س,bā bad kesi dar oftādees,ای خودشو با شاخ گاو درانداخته.,I khodesho bā shākhe gāv darendākhteh.,روز اول به خودُم گُفتُم ایَم مثل بَقی,ruz avval be khodom goftom ayam mesl baqi
Persian,"Persian, Iranian",Shirazi,https://arash1363.blogfa.com/post/31,خدا دونه خجیجه,خدا داند، خدیجه.,"God knows, Khadijah.",خدا دونِه خجيجه,khodā done khajijeh,خدا ایدونه خدیجه,khoda iduneh khadijeh,خُدا دانه، خَدیجه.,"khodā dāne, khadije",خُدا مٍزُنِه، خَجَّه.,"khodā mezone, khajja.",خۆدا زانێ، خەدیجە.,"khodā zāni, khadija.",khza dāna Khadije,با کار/آدم خطرناک درافتاده.,خدا میدوند خجّه,khodāmiduned khejje,خدا دونه خجیجه,Khodā dune khadijeh,حالا کم کم می‌بینُم کار دِرَه بالا می‌گیرِه,hâlâ kam kam mibinom kâr dare balâ migire
Persian,"Persian, Iranian",Shirazi,Manual,حالو اقدم بشکن بالو بنداز خوب نی,حالا انقدر هم شوخ و شنگ بودن و بگو بخند کردن خوب نیست.,"Now, being so playful and joking around isn't really good.",ايسون هم عَقذَر شَنگولی خوب نی,ison ham aghdar shangoli khob ni,ایقدم نخوبه که هی بگی و بخندی,iqadam nakhubeh ke hey begi o bekhandi,حالا اندی شُخُو‌شَنگ بودن و بگو بِخَند کَردن خوب نِیه.,hala andi shukho shang budan o begu bekhand kardan khub niya,اٍسَه اٍنقٍدَن شوخ و شٍنگ بییُن و بٍگو بٍخَند هاکٍردییُن خُوْ نییَه.,esa enqedan shukh o sheng biyon o begu bekhand hākerdiyon khow niya.,دی ئەقوەرەیش شوخو شێنگ بوون و خه‌نە خه‌نە کەردن خاس نیە,di aqwareish shukho sheng buno khana khana kerden khās niya,ya mokade ji shukh o shang bozvun begu bekhand kārtvun khib nahon,خدا داند، خدیجه.,یخده سنگین باش... خدا زیادد کونه,yokhde sangin bāsh… khodā ziyaded kune,حالو اقدم بشکن بالو بنداز خوب نی,Hālo eqadam beshkano bālo bendāz khub ni,تا سحر جُل می‌زِنُم خواب به سُراغُم نمیاد,tâ sahar jol mizanom khâb be sorâghom nemiyâd
Persian,"Persian, Iranian",Shirazi,Manual,می دمبالت گذشتن؟,مگر کسی دنبالت می‌کند?,Is someone chasing after you?,مَر كسی وَندَ دومات,mar kasi vanda domat,می کسی دین داته,mey kesi din dāteh,مَگه کسی تِره دُنبال اَکوردِه؟,mage kasi tere donbāl akorde?,مٍگَه کٍسی تَه دٍنبالَه کٍرچی؟,mega kesi ta denbāla kerchi,مەگە هیشتەنەسه شوونەت؟,maga hishtenasa shunet?,mage kshomide peya,حالا انقدر هم شوخ و شنگ بودن و بگو بخند کردن خوب نیست.,مگه دنبالد گذاشته‌ن,mar kasi vanda domat,می دمبالت گذشتن؟,Mey dombālet gozoshtan?,هی دِلُم مثل بِچَه بِهَنِه بی جا می‌گیرِه,hey delom mesl bache behâne bi jâ migire
Persian,"Persian, Iranian",Shirazi,Manual,نون گندم، کم فولادی می‌خواد.,نان گندم برای هضم به شکم (معده) فولادی نیاز دارد.,Wheat bread requires a steel stomach for digestion.,نون گَنُم سی هضمِش گَدِ فولادی مَخو,non ganom si hazmesh gade foladi makho,نون گنم سی هضم کم اهنی ایخو,nun ganom si hazmesh kom āhani ikho,نانِ گَندُمِه هَضم کَردن مِعدهٔ فولادی خَانه.,nāne gandome hazm kardan m'ede fulādi khane,گُندُمین نون هَضم کٍردییُن، اییَه آسُنین تٍلَه مٍگی. ,"gondomin nun hazm kerdiyon, iya āsonin tela megi.",نانە گەنم ئەڕای هەزم مەدەی فولادی توێ,nāne ganem arrāy hazm midey fulādi tuey,nune ganom shekame puladi shāvā,مگر کسی دنبالت می‌کند?,نونی گندوم برا هضمش شیکمی فولادی میخواد,nuni gandum barā hazmesh shikami fulādi mikhād,نون گندم، کم فولادی می‌خواد.,"Nune gandom, kome fulādi mikhād.",امشو طُو قِشَنگ رِفتی,emshu tu qeshang rafti
Persian,"Persian, Iranian",Shirazi,Manual,ایا نَم تُک پس نمی‌ده,این شخص خیلی خسیس است.,This person is very stingy.,ای شخص خیلی كَلولَ,i shakhs kheili kalola,و دستش او توک نیکنه - ای ادم مهلی گنسه,i ādam mahli geneseh,ای شَخص خیلی خَسیس هِسِه.,i shakhs kheili khasis hesse.,اٍن خِیلی خَسیسَه.,en kheyli khasisa.,ئی ئاێه‌مە فره ده‌س و شەکە,i āyema fera das wa shaka,mo ādame kheyli gadāon,نان گندم برای هضم به شکم (معده) فولادی نیاز دارد.,آب از دستش نیمیچکه,āb ez dassesh nimicheke,ایا نَم تُک پس نمی‌ده,Iyā nam tok pas namideh,ایشالله خوب هَستِن که؟,inshâllâh khub hastin ke?
Semnani,Semnani,Semnani,https://semnani.blogsky.com/,تیژَه کاردی، نَرَه وَرِه رَه بییمیچی.,چاقوی تیز، برای برّة نر آمده است.,A sharp knife has come for the male lamb.,چَقو تيز سی بره نر اومَسَ,chago tizi si bare nar omasa,چاقوی تیز سی بره ی نره,chaquye tiz si barehye nareh,چاقوی تیز، بَره‌ی نَره آماده هِسِه.,"chaghoye tiz, bareye nare āmāde hesse.",تیژَه کاردی، نَرَه وَرِه رَه بییِمیچی.,"tizha kārdi, nara vare ra biyemichi.",چقوی تیژ، ئەڕای کاوەره‌گه هاتیه,"chaquy tizh, arrāy kāweraga hātiya",chaghuye tij māle vereye naron,این شخص خیلی خسیس است.,هرچی سنگه مالی پا لنگه,harchi sange māli pā lange,چاقوی تیز برِی برِیِ نر اومده.,Chāquye tiz barey baareye nar umadeh.,ما رِ گیرفت,mâ re girfet
Semnani,Semnani,Semnani,https://semnani.blogsky.com/,خوشتُنَه بَخُوْ، مَرتُمُنَه تُوْن کَه.,برای خودت بخور، برای مردم بپوش.,"Eat for yourself, dress for others.",سی خودت خُوَر سی مردم پوش,si khodat khowar si mardom poshā,سی خوت بخر سی مردم بپوش,si khot bekhar si mardom bepush,خوشتی‌ره بوخار، مردمِه‌ره دَکون.,"khoshti re bokhār, mardome re dakon. ",خوشتُنَه بَخُوْ، مَرتُمُنَه تُوْن کَه.,"khoshtona bakhow, martomona town ka.",ئەڕای خۆوت بخۆوه، ئەڕای مەردەم بکە وه‌ر,"arrāy khwad bokhowa, arrāy mardem beka war.",māle khod vakho māle mārdom var ko,چاقوی تیز، برای بره نر آمده.,برا خودد بخور، برا مردوم بوپوش,barā khoded bokhor barā mardum bupush,برِی خودت بخور، برِی مردم بوپوش.,"Barey khodet bokhor, barey mardom bupush.",جل جل زدن,jol jol zadan
Semnani,Semnani,Semnani,https://chemaka.blogfa.com/category/7,هوژ بوبا سوفرِ سار کوجه والندِ.,سفرهٔ بابای شما سر کوچه است.,Your father's table is at the corner of the street.,سُفره بويَت سَر كيچَس,sofre boyat sar kichas,سفره بوت سر کیچه ی,sofrehye bowt sare kichahyeh,تی پیره سفره سَرِ کوچه داره.,ti piyare sofre sare kuche dare.,تَه پییِر سُفرَه سَری کیژِه هٍشتَه,ta piyer sofra sari kizhe heshta,سەفرەی باوگ ئیوه ها سەرە کوچه,sefrey bāwge iwa hā sare kucha,sofre babāt tā sare kion,برای خودت بخور، برای مردم بپوش.,سفره آقاد سری کوچه‌س,sofre āqād sari kuches,سُفرِی بابوی شُمو سر کوچه‌ن.,Sofrey bāboy shomo sar kuchan.,سوسه لنگ یعنی لاغرمردنی نه نوعی پرنده,suse lang yani lâgharmardani na no'i parande
Semnani,Semnani,Semnani,https://www.parsi.wiki/fa/wiki/474709/%D8%AF%D8%B3%D8%AA%D9%88%D8%B1-%D8%B2%D8%A8%D8%A7%D9%86-%DA%AF%D9%88%DB%8C%D8%B4-%D8%B3%D9%85%D9%86%D8%A7%D9%86%DB%8C-%D8%B3%D9%85%D9%86%DB%8C,یان کوفگی چه قشنگی ین,این شکوفه‌ها چه زیبا هستند,These blossoms are so beautiful.,ای شکوفه‌ها چَقذَر قشنگن,i shokofehā chaghzar ghasghangan,ای شکوفیل چق قشنگن,I shokufial cheqa qashangen,این شُکوفه‌شان چه زیبا هِسِن.,in shokofeshan che zibā hessen.,اٍن گوفکی چٍقٍد قَشٍنگییَن.,en gufki cheqed qashengiyan.,ئی گۆڵ‌دەمەیله چه‌نی قەشەنگەن,i guldameyla chani ghashangen,mi gole chekade jevunan,دسترخوان پدرت سر کوچه اس.,این شکوفا چندی قشنگن,in shekufāā chandi qashangan,ای شوکوفه‌ها چه قشنگن.,I shukufeha che qashangan.,سوسه لنگ نوعی پرنده یه که به ادمای لاغر اندام و نحیف ام اطلاق میشه,suse lang no'i parande ye ke be âdmâye lâghar andâm o nahif am etlâq mishe
Semnani,Semnani,Semnani,https://www.parsi.wiki/fa/wiki/474709/%D8%AF%D8%B3%D8%AA%D9%88%D8%B1-%D8%B2%D8%A8%D8%A7%D9%86-%DA%AF%D9%88%DB%8C%D8%B4-%D8%B3%D9%85%D9%86%D8%A7%D9%86%DB%8C-%D8%B3%D9%85%D9%86%DB%8C,شَما کی یه,خانهٔ شما,Your home,هوشتون,hosheton,هونتون,hunatun,شیمی خانه,shimi khāne,شٍما کییَه.,shemā kiya.,ماڵ ئیوه,māle iwa,Kse shmā,ای شگوفه ها چقه مقبول استن,خونه شوما,khune shumā,خونِی شومو.,Khuney shomo.,یره خیلی خیطه چرت و پرت سر هم مُکُنِن,yere kheyli khite chert o part sar ham mokonin
Semnani,Semnani,Semnani,http://semnanziba.ir/semnan-content/masalha/page/2/,خُدا خری بَدیچی شاخی ژو نَدِچی,خدا خر را دیده که به او شاخ نداده,God has seen the donkey that has not been given horns.,خدا خرُ اِشناخت كه شاخ نداش,khodā kharo eshnākht ke shākh nadāsh,خدا خرو دید و شاخش نداد,khodā kharo did o shākhesh nada,خُدا خَرِه بِدِیِه، اینه شاخ نَده.,khodā khare bedey ine shākh nada,خُدِه خَری بٍدیچی کو شاخی ژو نَدِچِش.,khode khari bedichi ko shākhi zho nadechesh.,خۆدا خەره‌گه دی کە شاخ نیاسه پی,khodā kharaga di ke shākh niyāsa pi,khzā kharshe diza o shākhosh nadāda,خانه شما,خدا خرا میشناخ که بش شاخ نداد,khodā kharā mishnākh ke besh shākh nadād,خدا خره دید بهش شاخ نداد,Khodā khare did behesh shākh nadād,کوجی یره وخه بیا دگه,kuji yere vakhe biyâ dege
Semnani,Semnani,Semnani,https://chemaka.blogfa.com/category/7,مره وچا واش چش,طرف مار را کشته، اما بچه مار را زنده گذاشته.,"The snake was killed, but the baby snake was left alive.",مارِ كُشتَ اما بچشو هَشتِ زِندَ,mār koshta amā bachasho hesht zenda,مارو کشته تیله مارو نهاده,māro koshteh tileh māro nahādeh,طَرَف مَاره بوکُشته، اَما وَچه مَاره زِنده بَنه.,"taraf mare bokushte, ama vache mare zende bana.",مَر بُکُشچِش، مَرَه وَچَه زَندَه واشچِش.,"mar bokoshchesh, mara vacha zanda vāshchesh.",ئاو طەره‌فە ماره‌گه کوشت، ئەما مناڵ ماره‌گه زەنه هیشت,"āw tarafa māraga kosht, amā menāle māraga zena hisht",teraf mārshe khoshta vali vache mārshe zande nāza,خدا خر ره دیده که برش شاخ نداده,طرف مارا کشته‌س آ بچه‌شا زنده گذاشته‌س,taraf mārā koshtes ā bechesha zende gozāshtes,طرف ماره کشته، بچِی ماره زنده گُذُشته.,"Taraf māre koshteh, bachey māre zendeh gozoshteh.",مشه چوغوکا درن مرن یره یا کفترا رفتن سفر,mash choghukâ daran maran yere yâ kaftarâ raftan safar
Semnani,Semnani,Semnani,https://semnani.blogsky.com/,جنگلی اُشتُر بَِدیچی!!!,جنگلی شتر دیده.,Wild camel seen.,جنگلی که شتر دیدَ,jangali ke shotor dida,جنگلی شتر دیده,jangali shotor dideh,جنگلی شُتُر بِدیه.,jangali shotor bediya.,جَنگٍلی، اُشتُر بٍدیچی.,"jangeli, oshtor bedichi.",جەنگەلی شوتور دیاس,jangali shotor diyās,jangali oshtorshe diza,طرف مار ره کشته، اما بچه مار ره زنده مانده.,جنگلی که شتر دیده,jangeli ke shotor dide,جنگلی شتر دیده.,Jangali shotor dideh.,یره عجب ماشین چخ چخی,yere ajab mâshin chakh chakhi
Semnani,Semnani,Semnani,https://semnani.blogsky.com/,زَِمَِستُنی چَش کورَه.,چشم زمستان کور است.,The eye of winter is blind.,تیِ زمسّون كورَ,tie zemeson kora,تیی زمسون کوره,tiyey zemesun kureh,زِمِستانه چِشم کوره.,zemestāne cheshm kure,زٍمٍستُنی چَش کورَه.,zemestoni chash kura.,چاو زەمسان کوڕە,chāwe zemsān kura,chame viāsun kuron,جنگلی شتر دیده.,چشی زمسّون کوره,cheshi zemessun kure,چشم زمسّون کوره.,Cheshme zemessun kure.,ده کو جه نی,de ku je ni
Semnani,Semnani,Semnani,https://semnani.blogsky.com/,رووآ بُراق کَِرچِش.,گربه را بُراق کرده.,The cat has been brushed.,گربَنَ لرزُندِش,gorbana larzondesh,گلوه تشی کرده,gulueh tashi kerdeh,پیچایه بُراغ اَکوردِه.,pichāye boragh akorde,روئِن بُراق کٍرچی.,ruen borāq kerchi.,پەشی‌یه‌گه بۆڕاغ کەردیه,peshiyaga burāgh kerdiya,gorbasha borāqe karta,چشم زمستان کور اس.,گربه را جری کرده‌س,gorbe rā jari kardes,گربُو ره بُراق کِرده.,Gorbow re borāq kerdeh.,در هم سبزیدن,dar ham sabzidan
Unclassified,Dezfuli,Dezfuli,Manual,صِدقِ سرت عيبی ندارَ,فدا سرت. عیبی نداره.,You're worth it. It's okay.,صِدقِ سرت عيبی ندارَ,sedghe saret eybi nadāra,و جهنم فدی سرت,va jahanam fadey saret,تی سَرِ فِدا، عِیب نَداره.,"ti sare fedā, eb nedāre",فٍدایی تَه سَری، عِیبی نٍدارِه.,"fedāyi ta sari, eybi nedāre.",خڕە سەرەت. ئەیبیگ نێرێ,kherre saret. eybig neyri,pede sarod yākish nahen,پیشک ره براق کرده.,فدا سَرِد. هیشطور نی,fada sared hish tor ni,فدوی سرت. عیبی نداره.,Fadoy saret. Eybi nadāreh.,تو نمدنی ای بچه امروز مر چن بجزّنده,tu nemdoni i bache emruz mar chan bejazzande
Unclassified,Dezfuli,Dezfuli,Manual,پِتِش چَقدَر تَپُسَ لُواش لِف قين عنترِن , دماغش چقدر پهنه. لباش شبیه پشت عنترن.,How wide is his brain. His lips are similar to the back of a donkey.,پِتِش چَقدَر تَپُسَ لُواش لِف قين عنترِن ,petesh chaghdar taposa lowāsh lef ghin antaran,پوزش چق پهنه لولش می کون عنتره,puzesh cheqa pahneh gowalesh mey kune antareh,اینه دِماغ چَندی گَته. اینه لَب خُوده ميمونه موس.,ine demāgh chandi gata. ine lab khode mimune mus,ژو وٍنییَه چٍقٍدَه پَهنِه، ژو لُوْشِه عَنتٍرین کینین وارییَن.,"zho veniya cheqeda pahne, zho lowshe anterin kinin vāriyan.",لوتی چه‌نی سڕە. دەمی مه‌نیده قەنە ئنتەر,luti chani serra. Dami manida qene antar.,puzosh chekade pechon. loposh rowe poshte antaron.,فدا سرت. پروا نداره.,دماغش چندی پَتا پَنه. لباش شکلی پشتی مرغه,domāqesh chandi patā paane labāsh shekli poshti morqe,دماغش چقد پَنه. لباش شبی پشت میمونه.,Damāghesh cheqad paane. Labāsh shabi poshte meymune.,از ختلان آمذیه,az khetlân âmadie
Unclassified,Dezfuli,Dezfuli,Manual,مَرِسی عَ قين فيل اُفتيدَ  , انگار از پشت فیل افتاده.,It seems like he fell off an elephant.,مَرِسی عَ قين فيل اُفتيدَ  ,maresi a ghin fil oftida,انگار از پشت فیل افتایه,engār az poshte fil oftāyeh,اِنگار از فیل موس دَکِته.,engār az file kun dakete,اٍنگار کو فیلی کینین پی بٍکٍچی.,engār ko fili kinin pi bekechi.,چۆمانی وە قەنە فیل کەفتیه,chumāni wa qene fil kaftiya,angār ge az poshte pile kāpta,بینیش چقه پهن اس. لباش واری پشت عنتر اس.,انگار اِز دماغی فیل افتاده‌س,engār ez domaqi fil oftādees,انگُ اوره خانُم زُیده ما رِ کنیز.,Engo ure khānom zoydeh māa re kaniz.,برو تباه آمذیه,bere tabâh âmadie
Unclassified,Dezfuli,Dezfuli,Manual,تو نو خدا فَرما هوُش , تو رو خدا بفرما داخل خونه.,"Please, come inside the house.",تو نو خدا فَرما هوُش ,to no khodā farmā hosh,تن خدا بیو من هونه,tone khodā biyo men huneh,تورو خُدا بفرمایین خانه دِلِه.,toro khoda befarmāyin khāne dele.,تَه بٍه خُدِه بَفٍرمین دَنین کییَه.,ta be khode bafermin danin kiya.,تۆنو خۆدا باینه ناو ماڵ,tono khodā bāyna nāw māl,to ra be khza beparmāyi tu ksa.,فکر میکنی از پشت فیل افتاده.,تو رو خدا بفرماین تو,to ro khodā befarmāyn tu,تور خدا بفرمو تو خونه.,Tor khodā befarmo tu khuneh.,خشک و نزار آمذیه,khoshk o nezâr âmadie
Unclassified,Dezfuli,Dezfuli,https://dt24.blogfa.com/category/25,عبده ایی یان کی بید؟,عبده این کی بود؟,Who was this Abdu?,عبده ایی یان کی بید؟,abde iyaān ki bid,یه که بی,ye ke bi,عَبدِه، این کیه؟,"abde, in kiya?",عَبدَه اٍن کی با؟,abda en ki bā,ئبده یه کی بی؟,abda ya ki bi?,Abdo mokebo,تو ره خدا بفرما داخل خانه.,عبده این کی بود؟,abde in ki bud,عبده ای کی بود؟,Abdeh i ki bud?,دی گذشت و دوش,di gozasht o dush
Unclassified,Dezfuli,Dezfuli,https://pegah1377.blogfa.com/post/22,غلوم پِ اُرِ سیَه اومَّه دخترَ برد قصر شاه پریون.,غلام با ابر سیاه آمد و دختر را به قصر شاه پریان برد.,The slave came with a black cloud and took the girl to the palace of the fairies.,غلوم پِ اُرِ سیَه اومَّه دخترَ برد قصر شاه پریون.,gholom pe or siyah ome dokhtara bord ghasr shāh pariyon,غلوم بی اور سه اومد و دور به قصر شاه پریون برد,gholum bey owar sah umado dowr be qasre shāhe pariyun bord,غُلام سیاه اَبره هَمراه بُما و کیجایه به قَصرِ شاهِ پَریان ببُرده.,gholām siāh abre hamrā boma va kijāye be ghasre shāhe pariyān baberde. ,غُلُم با سیاه اَبری بییٍما وُ دُختٍرین بٍبٍردِش بٍه قَصری شاهی پَرییُنی.,gholom bā siyā abri biyemā vo dokhterin beberdesh be qasri shāhi pariyoni.,غلام وەگەردە ئاۆرە سیه هات و دۆت‌گه برد و قەصرە شای پەریان,gholām wagarde āwre siya hāt wa dotaga berd wa qasre shahe parian,gholum khoze awre siā oma o dotog she qasre showe pariun ba,عبده ای کی بود؟,غلام با ابری سیا اومِد آ دخدِرا به قصری شا پریون برد,gholām bā abri siyā umed ā dokhderā be qasri shā pariyun bord,غلام با ابر سیا اومد و دختره به قصر شاه پریون برد.,Gholām bā abre siā umado dokhtare be qasre shāhe pariun bord.,به آفرین شاهی,be âfarin shâhi
Unclassified,Dezfuli,Dezfuli,https://hastii2.blogfa.com/post/556,ای وب چَنی قشنگَه,این وب چقدر قشنگه.,This web is so beautiful.,ای وب چَنی قشنگَه,i veb chani ghashanga,ای سایت چق قشنگه,i sāyt cheqa qashangeh,این وب چَندی قشنگه.,in veb chandi ghashange,اٍن وٍبَه چٍقٍدَه قَشٍنگِه.,en veba cheqeda qashenge.,ئی وبه چه‌نی قەشەنگه,i weba chani ghashanga,mo vebe chekade khashon,غلام کتی ابر سیاه آمد و دختر ره به قصر شاه پریان برد.,این وب چندی قشنگس,in ver chandi qashanges,ای وبو چقد قشنگه.,I viu cheqad qashange.,همیدون در بلخ تا اندرآب,hamidun dar balkh tâ andarâb
Unclassified,Dezfuli,Dezfuli,https://chamadaneabi.ir/kalamat-dezfuli/,مَخوم یَقه‌مَه دِروم,می‌خواهم یقه‌ام را پاره کنم (از استیصال/عصبانیت),I want to tear my collar (from despair/anger),مَخوم یَقه‌مَه دِروم,makhom yaghama derom,ایخوم حقمه بدرروم,ikhom haqame bederom,خنوم، می یَقه پاره اَکونُم.,khanom mi yagha pāre akonom.,مٍگَن یَخَه تٍکَه جٍر بَدون.,megan yakha teka jer badun.,تۆوام یەخه بدەڕەم,towam yakha bederrem,māvā gerivuname teka kre,ای وب چقه مقبول اس.,می‌خوام یقه‌ما جر بدم,mikhām yaqemā jer bedam,می‌خواما یخه‌مه پاره کنم,Mikhāmā yakhame pāreh konam,دگر پنجهیر و در بامیان,degar panjehir o dar bâmiyân
Unclassified,Dezfuli,Dezfuli,Manual,تَش به كارِت , گند بخوره به کارت.,May your work be ruined.,تَش به كارِت ,tash be kāret,تش وکارت بو,tash ve karet bu,گی بوخاره، تی کاره.,gi bokhāre ti kāre.,گَند بَگٍنِه تَه دٍلَه کارین.,gand bagene ta dela kārin.,گو وە ناو کارەگەت,gu wa nāw kāragat,gand vakhra tu kārod,میخایم یخن خود ره پاره کنم,گند بخورد به کارِد,gand bokhored be kāred,گند بخوره به کارت.,Gand bokhoreh be kāret.,بخارا و شهری که هستش به گرد,bokhârâ o shahri ke hastesh be gerd
Unclassified,Dezfuli,Dezfuli,Manual,هر چه مارِش دوُنا بيد خودش مَرِسی زِيَس , برعکس مادرش که عاقل بود خودش انگار دیونس.,"Unlike her mother, who was sensible, she seems to be a fool.",هر چه مارِش دوُنا بيد خودش مَرِسی زِيَس ,har che māresh donā bid khodesh maresi zeyas,هر چه دیش عاقل بی خوش کلوعه,har che deish āqel bi khosh kalu'e,بَرعَکسِ اینه مار که عاقِل با، این اِنگار توره.,barakse ine mār ke āghel bā in engār divāna.,بَرعَکسی ژو مار کو عاقٍلَه بییَه، او اٍنگار دیوٍنَه‌یَه.,"baraksi zho mār ko āqela biya, ou engār divenaya.",برعەکسە داڵگی کە زانا بی، خۆی وە نەزەر شیته,"barakse dālegi ke zānā bi, khwey wa nazar shita",pechvārim memāsh ke āqel bo khosh mazani divunaon,گند بخوره ده کارت.,برعکسی ننه‌ش که عاقل بود خودش انگار درا دیوونه‌س,baraksi nanesh ke āqel bud khodesh engār darā diyunes,برعکس مادرش که عاقل بود خودش انگو دیونن.,Barakse mādaresh ke āqel bud khodesh engo diunan.,از او میلان یاد داری ورگردی؟,az u milân yâd dâri vargardi?
